# ************************************************************
# Sequel Pro SQL dump
# Version 5446
#
# https://www.sequelpro.com/
# https://github.com/sequelpro/sequelpro
#
# Host: 127.0.0.1 (MySQL 8.0.23)
# Database: Weather_and_Music
# Generation Time: 2021-04-14 15:35:43 +0000
# ************************************************************


/*!40101 SET @OLD_CHARACTER_SET_CLIENT=@@CHARACTER_SET_CLIENT */;
/*!40101 SET @OLD_CHARACTER_SET_RESULTS=@@CHARACTER_SET_RESULTS */;
/*!40101 SET @OLD_COLLATION_CONNECTION=@@COLLATION_CONNECTION */;
/*!40101 SET NAMES utf8 */;
SET NAMES utf8mb4;
/*!40014 SET @OLD_FOREIGN_KEY_CHECKS=@@FOREIGN_KEY_CHECKS, FOREIGN_KEY_CHECKS=0 */;
/*!40101 SET @OLD_SQL_MODE=@@SQL_MODE, SQL_MODE='NO_AUTO_VALUE_ON_ZERO' */;
/*!40111 SET @OLD_SQL_NOTES=@@SQL_NOTES, SQL_NOTES=0 */;


# Dump of table audio_features
# ------------------------------------------------------------

DROP TABLE IF EXISTS `audio_features`;

CREATE TABLE `audio_features` (
  `id` varchar(40) NOT NULL,
  `track_name` varchar(40) DEFAULT NULL,
  `valence` float DEFAULT NULL,
  PRIMARY KEY (`id`)
) ENGINE=InnoDB DEFAULT CHARSET=utf8mb4 COLLATE=utf8mb4_0900_ai_ci;

LOCK TABLES `audio_features` WRITE;
/*!40000 ALTER TABLE `audio_features` DISABLE KEYS */;

INSERT INTO `audio_features` (`id`, `track_name`, `valence`)
VALUES
	('','Fever (avec Angèle)',NULL),
	('00ETaeHUQ6lops3oWU1Wrt','Hot Stuff',0.429),
	('00PesUdTmC3Y5xtZbZND0p','Hard For Me',0.158),
	('017PF4Q3l4DBUiWoXk4OWT','Break My Heart',0.467),
	('02OpQWSd5wOAO0dYTIpoKl','BrokEn',0.44),
	('02y9ciX9JY6pAR0q0cWhSD','Habibi',0.567),
	('04luhZs8xjkIoDqAUidg79','La Rose Et L\'armure',0.225),
	('06eEMrvlkBmLLaezDSDcEl','A Vava Inouva',0.432),
	('06O3hxudc6V0BOuoCFSy71','Tout oublier',0.285),
	('079OwtobI8CKoSUbVYKBey','À côté de toi',0.671),
	('07JoaFTGT3QGuPn5EuusCZ','C\'Était Le Rap',0.61),
	('07Oz5StQ7GRoygNLaXs2pd','Good As Hell',0.478),
	('08bNPGLD8AhKpnnERrAc6G','Friends',0.534),
	('08qp0YWWVUdqn5Aa2LOcuE','Toutes les machines ont un coeur',0.307),
	('09WkK0MhHkBVH0GZ6gLmoE','Facile',0.676),
	('0AUvWawuP0ibk4SQ3sIZjk','Daisy',0.774),
	('0AvrSFPS8mN8OjUNCwemwa','Filon',0.404),
	('0BD9boQC7jUTWkAoib4Z0d','Melegim',0.57),
	('0bYg9bo50gSsH3LtXe2SQn','All I Want For Christmas Is You',0.35),
	('0cSNN4fgW1RFDQV58eVRKK','Summer Is a Curse',0.425),
	('0d28khcov6AiegSCpG5TuT','Feel Good',0.772),
	('0dixaX03wQULd5oDRegfUL','N\'attendons pas',0.712),
	('0F7FA14euOIX8KcbEturGH','Old Town Road',0.507),
	('0GNI8K3VATWBABQFAzBAYe','Stay',0.125),
	('0GWYApQBwErVPkyXYCTJjI','React',0.544),
	('0H4ugk6rhnXmTl47ayy9O5','Daechwita',0.223),
	('0hGKNE4OiaH890jUAkF4zY','Jusqu\'À Mon Dernier Souffle',0.398),
	('0hPK1K6ttXf5KLjUjAUwGz','L\'âme dans l\'eau',0.17),
	('0i0hqOQdyFFd4cR5s32w8x','Boy In Luv',0.473),
	('0J2p4KYdr6Mg4ET6JPlbe1','Super Trouper',0.961),
	('0JNZGIavoUrdup1NsgJOQs','Alabama Song',0.901),
	('0JP9xo3adEtGSdUEISiszL','Moon',0.711),
	('0KBwGCY9RYD9t2zjeW4h48','Djomb',0.631),
	('0KKIdDRSfwZVDIJUnx9jL5','La rumeur',0.716),
	('0l7iZcjZCLTBA5DXIJYDY1','Comme c\'est bon',0.615),
	('0lx2cLdOt3piJbcaXIV74f','willow',0.529),
	('0MHXrqn909p0LRTPsNsGEi','Move On Up',0.928),
	('0moO0eGbUWazDoK02JeeXs','Baby It\'s You',0.119),
	('0n2moJpAEWHwaPYYjkzMDl','Blue & Grey',0.364),
	('0nbXyq5TXYPCO7pr3N8S4I','The Box',0.642),
	('0NVFkXUf2tyFKSkpBZOkRm','Que mon coeur lâche',0.553),
	('0ofHAoxe9vBkTCp2UQIavz','Dreams',0.789),
	('0oHUBAmUVHjbMDNx0vNPi4','Dolce vita',0.636),
	('0OlE17VM4jDcmQb96RqxcX','Encore',0.786),
	('0ono6UCNVZ1XqOm6j78Blu','Filter',0.86),
	('0PXukVbYpvz40KcEFKnIw7','Don\'t Rush',0.324),
	('0pYacDCZuRhcrwGUA5nTBe','eight',0.594),
	('0QaVAoRnez6qMlLPqbB4fd','On fait comme si',0.172),
	('0QPlafvsnmTJBvGNek2cI8','Ça Fait Des Années',0.527),
	('0qprlw0jfsW4H9cG0FFE0Z','Cold Little Heart',0.153),
	('0RUavidTwACAYUoNhAxNNp','N\'y pense plus',0.44),
	('0sfdiwck2xr4PteGOdyOfz','Shot In The Dark',0.822),
	('0t1idbwF54o2DdiM4Qz2SV','Kubrick - 3 Films - 4k',0.177),
	('0U0ldCRmgCqhVvD6ksG63j','Nightcall',0.361),
	('0USQrLiSMnzlaoMKkgIaT6','Désolé pour hier soir XXV - Remix 2020',0.689),
	('0VjIjW4GlUZAMYd2vXMi3b','Blinding Lights',0.334),
	('0W44nIsrStSC7Hvf626pvh','Transmission',0.119),
	('0w6webWdhjRKdqJ3DeGgM1','Stats',0.172),
	('0wlSyBOMoRhBrshW1C7TGr','Barracuda I',0.0947),
	('0xQQVapVkWYbatSPnnh6el','7Ème Continent',0.193),
	('0y1QJc3SJVPKJ1OvFmFqe6','Way Down We Go',0.337),
	('0y7lBqpOH32F12NitTHL4S','Les feux d\'artifice',0.0813),
	('0yKrEJvEwJhWe9HUwg1puw','Dans Mes Bras',0.775),
	('0YU17F0BlVXvmx5ytsR43w','Monster',0.607),
	('0Z8DRG0HgZJ1bIhCQqyzPo','Coeur Noir',0.457),
	('11ajcVj3qSyyMPUpTJUP3y','Protect The Land',0.248),
	('127QTOFJsJQp5LbJbu3A1y','Toosie Slide',0.837),
	('18GOglIwbhTMxON307ln4H','Mon refuge',0.747),
	('18HNGxDOcshRU2Hdu8tMOM','Popopop',0.413),
	('19ZitU4vAGoAVYS7V0D2J1','Comment est ta peine ?',0.543),
	('1aKuG1GG76xPLUkjBbQo3W','UGH!',0.333),
	('1cSaqhkvwepFfxlPFtSoTb','Malheur, Malheur',0.504),
	('1Cv1YLb4q0RzL6pybtaMLo','Sunday Best',0.694),
	('1eg2GUAxtsngVbrylDQ4tO','Je Reviens Te Chercher',0.193),
	('1eISthH1NcavO1m4qtk5uA','One',0.228),
	('1fS7TxIKa8PpWEOJMK8PAG','A.I.E. (A\'Mwana)',0.919),
	('1GTFU5LWvgyVf9Dno5199s','Shut up Chicken',0.671),
	('1Jaah2tmN9Hv81A87KZ1MU','Torn',0.609),
	('1jDJFeK9x3OZboIAHsY9k2','I\'m Still Standing',0.772),
	('1jL5Uf9T93w7Ge9k2leUdB','Les Gens',0.822),
	('1JLiWwAySe34RQ1P6JoEgI','Tristana',0.526),
	('1KixkQVDUHggZMU9dUobgm','My Head & My Heart',0.436),
	('1kYjNPTvZ8G68dYTkG3BqD','Nous',0.629),
	('1Lulg5ZiMEXy3QNwb1PB8I','Zipette',0.72),
	('1malvU2QXTWKhVbQaCsCnE','Le Jeu',0.401),
	('1N4ixxhbBH1ClnPdTTsRzz','Aline',0.519),
	('1nzFfwPVH9Hyt7BFtxdBdS','Gros Vendeurs',0.36),
	('1P37gwlsx2ghfr8tGzJsRE','Ça m\'énerve',0.679),
	('1PA1LTNLAJrbJPWPxEFQvD','1ère fois',0.78),
	('1Pmp486RrLRkaEkE3HFHXP','Who\'s Laughing Now',0.505),
	('1qrpoAMXodY6895hGKoUpA','You Belong',0.474),
	('1Ri9P0ZPrqr6h0REDRdJBd','Oh Santa!',0.849),
	('1RighqmKZNqLP9rklJ4HCz','Le coach',0.834),
	('1Sb7QJRawbARgpMqyYNMkT','Distant',0.447),
	('1sRQzflFI4OooCN1dQK9NG','Dilemme',0.378),
	('1SSoLdnoptUGfs5kwgVQms','Horizons Into Battlegrounds',0.0993),
	('1sviDBcAqVOxMXq4xITVEs','Que Calor',0.46),
	('1TfqLAPs4K3s2rJMoCokcS','Sweet Dreams (Are Made of This)',0.875),
	('1U7wXZmCTsOF3GLJJlV1vl','Stupid Love',0.784),
	('1UvYiDcJVolpUAQWpwrxNw','Goulag',0.551),
	('1v7L65Lzy0j0vdpRjJewt1','Lose Yourself',0.0596),
	('1veiLBp9DEZ5qUV8yBjDml','Donnez-moi',0.662),
	('1vxw6aYJls2oq3gW0DujAo','Crazy',0.64),
	('1WEIE2px011rGQpYfXottY','Blue Moon Rising Ep',0.321),
	('1WnF8aQf2WezWlJIpslJ7m','beau-papa',0.482),
	('1wraUfjeUvBskSGtJrm21J','Rare',0.637),
	('1x5sYLZiu9r5E43kMlt9f8','Symphony',0.457),
	('1XcnxfOeLvLPGh2Drr2yNb','Bella Ciao',0.602),
	('1xQ6trAsedVPCdbtDAmk0c','Savage',0.761),
	('1xugsCboIm1yILqpLvH9aD','You Raise Me Up',0.0981),
	('1yoMvmasuxZfqHEipJhRbp','Hawái',0.558),
	('1yvMUkIOTeUNtNWlWRgANS','Unstoppable',0.26),
	('202DfCIz0fZV2SVhUNnIi4','Thirteen Thirtyfive',0.36),
	('21MChSGdLldUOOaOCdWmzD','I Love Me',0.712),
	('249gnXrbfmV8NG6jTEMSwD','Life Goes On',0.45),
	('24Yi9hE78yPEbZ4kxyoXAI','Roses',0.898),
	('24ySl2hOPGCDcxBxFIqWBu','Rain On Me',0.646),
	('260GXOGpTNlVu0nqBgcZlh','Bien sûr',0.246),
	('27jzdLZg3naniynbrXi8yE','Les yeux de la mama',0.414),
	('27u7t9d7ZQoyjsCROHuZJ3','Tick Tock',0.946),
	('27ycaQnQAxaPiyeg3nr2aB','Midnight Sky',0.259),
	('2Aa9Z2lnyCrLJqMwPQg6dO','Devant soi',0.319),
	('2alc8VZAzDgdAsL2QMk3hu','Skechers',0.274),
	('2AwQnGx2eLQIKGub1mjcrD','J\'y vais',0.302),
	('2BwQ6Qizq49QKAmcNgjNJL','Faut Pardonner',0.456),
	('2cKovq3l6OJjhVVDbVKOsr','The Other Side',0.31),
	('2diEeH1DjfrYGRlXENLkdY','Gotaga',0.342),
	('2DnnTFkreV0FtinIYGHDb9','Revival',0.753),
	('2ez6qvOTHKeI3ss80NGqnI','Trampoline',0.498),
	('2FVpOsjT1iquZ3SpCjZ9Ne','Telepathy',0.57),
	('2Fxmhks0bxGSBdJ92vM42m','Bad Guy',0.562),
	('2fZPJHGEBOT69cN0xungBj','Les Marionnettes',0.746),
	('2G2YzndIA6jeWFPBXhUjh5','Be My Baby',0.818),
	('2gNyCHDGyHrw3lCpT9LqlY','Pourvu qu\'elles soient douces',0.93),
	('2hwxHtaQRwgDigEkHbR3Zg','Vivre Pour Le Meilleur',0.25),
	('2imLYhuE0rBYnSrhXDOaRX','Ninja',0.641),
	('2iXcvnD3d1gfLBum0cE5Eg','Tutti Frutti',0.937),
	('2JO3HwMRPeya8bXbtbyPcf','Love Will Tear Us Apart',0.909),
	('2jX5c5RFp0A9E1GDsvGxIa','Balance ton quoi',0.381),
	('2kUXqI4t2eLYqCh7Z8guP1','Jusqu\'au bout',0.68),
	('2MbgQKWhoii8bqsMBWWWgA','Courage to Change',0.11),
	('2MHUcKjtFneRCpKeUN1eCN','C\'est Magnifique',0.347),
	('2MlOUXmcofMackX3bxfSwi','Jerusalema',0.827),
	('2Nib4r0saYQf2pUV4RFDhl','Interlude : Shadow',0.141),
	('2p8IUWQDrpjuFltbdgLOag','After Hours',0.143),
	('2PrzyVdwaZTFVzhIbUbYh4','Allô téléphone',0.762),
	('2q5qVYEWK5LcG35JfSlYYx','Swimming In The Stars',0.521),
	('2qbw3lSGERDdUawZ736wmN','Baby Love D.c.',0.715),
	('2qH3Ulxrpemyt2ZIjlSJ7J','Respire',0.366),
	('2QpUWi6VSNOt2WyH5FIeLD','Pookie',0.533),
	('2QSAj76Ba6aMFX9RlXdUdO','J\'ai demandé à la lune',0.619),
	('2qzUpSVI4NnPyWxbXwumTj','BLACK PARADE',0.0611),
	('2rbDhOo9Fh61Bbu23T2qCk','Always Remember Us This Way',0.296),
	('2RGQvREPnf6uRNsyCcwtvy','Sans logique',0.893),
	('2rkw1gqH62Tc9ydm9jsEJ1','Tous Les Cris Les S.O.S',0.404),
	('2rWeNybwVZTWEbkb9JOjcz','People, I\'ve been sad',0.221),
	('2slqvGLwzZZYsT4K4Y1GBC','Only The Young',0.602),
	('2tnVG71enUj33Ic2nFN6kZ','Ride It',0.884),
	('2twcZTB1udOEzDCPpTiOju','Mais je t\'aime',0.209),
	('2u6Jm2klS4yvAlbSHlxUwI','Alane',0.662),
	('2UC5XnHA1Wn9FjQmbjNca9','L\'aventurier',0.633),
	('2vBET2pmrQqafaS6zIaYta','Girl Like Me',0.318),
	('2vruJV9zbgg0CE1x14vVFW','Reste',0.695),
	('2VxeLyX666F8uXCJ0dZF8B','Shallow',0.323),
	('2WfaOiMkCvy7F5fcp2zZ8L','Take On Me',0.876),
	('2wgxi49lLbb0gawT0BEOuH','Tout ce qu\'on veut dans la vie',0.534),
	('2XlLHcTNLBkxqCdKasBrRM','Bobo Au Coeur',0.544),
	('2XU0oxnq2qxCpomAAuJY8K','Dance Monkey',0.513),
	('2ygvZOXrIeVL4xZmAWJT2C','my future',0.0875),
	('2yTH2kLPOR2Hin61Qcdovr','Mauvais Djo',0.587),
	('2ZTYlnhhV1UAReg7wIGolx','To Die For',0.307),
	('2ZUJj80Mfmj13MKJXf9pnP','Matches',0.817),
	('2zYzyRzz6pRmhPzyfMEC8s','Highway To Hell',0.423),
	('301e5NlZjS5o5Z8BXO1AXS','Puisque tu pars',0.122),
	('31H6au3jhblhr6MMJiXnCq','Hungry Eyes',0.552),
	('33NTeQz7sVYLmkJ1k8GsVR','Bim Bam Toi',0.467),
	('35gJuqfvrdlCA2MmAtaD3J','Mamacita',0.559),
	('35mvY5S1H3J2QZyna3TFe0','positions',0.682),
	('364dI1bYnvamSnBJ8JcNzN','Intentions',0.86),
	('38zsOOcu31XbbYj9BIPUF1','Your Song',0.325),
	('399mh97iAmjU34de5MebHp','Tom',0.546),
	('39EXZNMxb4RBHlRjnRaOKp','Sweet Night',0.149),
	('39Yp9wwQiSRIDOvrVg7mbk','The Scotts',0.28),
	('3AtPpsOe8qQHtDdFywaWyY','Amour Censure',0.633),
	('3AzjcOeAmA57TIOr9zF1ZW','Physical',0.746),
	('3b89BehicGUgc60pLBo092','Flou',0.468),
	('3Be7CLdHZpyzsVijme39cW','What\'s Love Got To Do With It',0.617),
	('3bkkMZEAhx7rTVz1C0itRQ','Black Swan',0.49),
	('3CdDFnkFxwd6mPZtTR9JzN','M.I.L.S 3',0.408),
	('3DKpA54hrFIdPN6AtL9HXa','I\'ll Never Love Again',0.25),
	('3Dv1eDb0MEgF93GpLXlucZ','Say So',0.786),
	('3eqwBUWgebO3QOkyNhAXrD','Va dire à ton ex',0.645),
	('3FGiFUJRRp5RGikVrs6kig','Underdog',0.301),
	('3i8GllbdGuwIXaVrlIoE0r','What Do You Think?',0.136),
	('3iXgSRk7u8qcnM5xOsxyVw','I\'m On My Way',0.738),
	('3iXhLi33EpUfcOwasC8un1','Ta reine',0.127),
	('3KW4lmROWaAg0sQlBHRzW7','Pompeii',0.223),
	('3LAeNhaSAvEvkUvMhkQQIG','Il Mio Rifugio',0.287),
	('3MxX4ISqkBaNCSHULKHXTx','Chelou',0.678),
	('3o8cpHgLK9x0G5eB1UusOQ','Yé ké yé ké',0.547),
	('3oI0TV5oIDrgKmYnI908uW','X',0.261),
	('3op7HNwLli54MBjFGzIlZO','Louder Than Bombs',0.485),
	('3PfIrDoz19wz7qK7tYeu62','Don\'t Start Now',0.679),
	('3Q76RJ43ot3GrOSW8tE2MQ','Ma sœur',0.631),
	('3QH8rQGNFX8VLbCgZ7uPTS','Fly To My Room',0.588),
	('3qnd4BIjwJtIwjhrAQOppE','Back On My Feet',0.499),
	('3r9FFjLrAIQjoR8pSHVPC9','Outro : Ego',0.473),
	('3rfDjFBGWeDW88inQfLzmm','Nue',0.961),
	('3RkKeT2ALw3OBUhFllxxjF','Dernier métro',0.533),
	('3s6ltUrI93LBKU8taezsLn','Magic',0.884),
	('3Sg3bOiD0kE4D5DcXk48Ds','Genocidal Humanoidz',0.0977),
	('3TZ7NHkMT82AhwuYsd00Hz','Your Eyes Tell',0.258),
	('3TZwjdclvWt7iPJUnMpgcs','Jump Around',0.818),
	('3U34tMYhMbr6tBWZdCUp6f','La Vida Tombola',0.963),
	('3uR5fLv1di1Nxal4lV50CU','Californian Soil',0.172),
	('3v5HUAz7UsmplamYrOxEz2','Succès fou',0.164),
	('3V6NCwBywAwpAlAyGL7h0p','Doudou',0.697),
	('3wS2dXzQw58b1e3AR8YStR','Interlude : Set Me Free',0.207),
	('3x5ZzNhmXSgKjM3wl0UGgD','Plus Grandir',0.886),
	('3xbws1uOAaxeTPEviKWONY','Ça va ça vient',0.544),
	('3Ys2PYl1wyPKQIwyqhP9cQ','Stay Gold',0.582),
	('3zbZNJ1yewL5HqjvIEjjUD','Folie',0.689),
	('3ZCTVFBt2Brf31RLEnCkWJ','everything i wanted',0.243),
	('3ZjkQbe5JzzQbzRtkXyZNv','Love To Go',0.46),
	('41A89rj3GoMG6ktN37L7PG','Alice',0.323),
	('41mbANHqOIULPmYi5Hp4ey','Derrière Le Brouillard',0.229),
	('41zXlQxzTi6cGAjpOXyLYH','idontwannabeyouanymore',0.247),
	('42WlUYoPW2cJ08p9FZv2LC','Fait D\'or',0.468),
	('44W3PGV0HOeAGBkxwPc98S','Donne-moi ton Cœur',0.293),
	('44WLOqH7QayQOQdeUHeKUK','We Are Bulletproof : The Eternal',0.19),
	('45UVzUVdOmTXVkkaGp0eeG','quelque chose',0.689),
	('47LFcy7prvEY5D08d26zOo','40%',0.678),
	('49IzWufYtbt3tgUN8ORNe0','Préféré',0.631),
	('4AlihYDqxXshKhvh5tnMfP','00:00 (Zero O’Clock)',0.196),
	('4BKOjYosPhw334moS3wlbO','Inner Child',0.332),
	('4dGduWL29no2tupqBsW12I','The Makarrata Project',0.256),
	('4DOZJGlIU37McIF7prMcWv','Anyone',0.584),
	('4dtITJAraRpBBaNvfpAMXO','Intro (m.i.l.s 3)',0.277),
	('4Eefey3uN90Abhbr47zKmC','Winter Flower',0.241),
	('4ffoWIfe9UWfyuJT5I0I7L','Les mots bleus',0.431),
	('4fW3EMRzAfj8aNMsF3zMwt','Jauné',0.655),
	('4FXO1gRCfRKJOqIKxElQSy','Nos coeurs à la fenêtre',0.24),
	('4GVwjLRT7oSsKby7Vy8EHr','Skit',0.544),
	('4h3SqMd5F16XJVdGp5fsZG','A nos souvenirs',0.455),
	('4HBZA5flZLE435QTztThqH','Stuck With U',0.537),
	('4hCHnvepjWmpP2kgYuEC7d','Calumet',0.392),
	('4HlDJ6SM3DyZ7KAp1oS8le','Si t\'es pas là',0.282),
	('4iNPp0BZ4lBu7bipdWLcWk','Avant toi',0.246),
	('4ISzA5zhHdncqZa4zkIQYZ','Goliath',0.147),
	('4IxLPU4pNd30IzINN1DU1o','Blue Nocturne',0.24),
	('4JDjZ2AzlHnde5uUy0TveV','Realize',0.22),
	('4Jn63SJwKLr55PdUXlD205','The Best in Me - Eurovision France 2020',0.202),
	('4kTF7OQVjTSZ5zdRqo8zxx','Dieu Merci',0.825),
	('4mt7C6wYeTUWDDk7xKym9w','Feel Me',0.392),
	('4Ngeca4zs304bDnDh3pjzI','Un été français',0.649),
	('4NhDYoQTYCdWHTvlbGVgwo','Gooba',0.393),
	('4nkHvkwaYMzGxorVldkGd3','Mourir Sur Scène',0.769),
	('4oLp7k4fINGrjuNxElKKGw','La Zone',0.414),
	('4poybupy26pTWPr9zY1i7h','Some Say',0.482),
	('4qDRw32NwvsGhQ4a9evbMm','Centre Commercial',0.628),
	('4R2kfaDFhslZEMJqAFNpdd','Cardigan',0.551),
	('4rMIWVinfurrct4MG6n7sn','Pour les Gens Du Secours',0.278),
	('4saklk6nie3yiGePpBwUoc','Dynamite',0.737),
	('4SFknyjLcyTLJFPKD2m96o','How You Like That',0.344),
	('4TjnO2vIsXNGBhlzovPIQB','Pharmacist',0.155),
	('4TM0Air5YJq7pIfsm4nafL','Imbécile',0.728),
	('4TnjEaWOeW0eKTKIEvJyCa','Falling',0.236),
	('4u7EnebtmKWzUH433cf5Qv','Bohemian Rhapsody',0.224),
	('4UNffdkJafgeDFxr54iky3','Combien De Murs',0.502),
	('4uqh9bualXNHXXwO2wPorc','Daisies',0.149),
	('4VgYtXCVJ7IbWAZ5ryfvEQ','Muévelo',0.919),
	('4vLs3Gatchl0AjJv7w1WGe','La face cachée',0.438),
	('4VnY4807mGuFEUKBs0UVg0','Strange',0.961),
	('4VpkCmCnqgcUcysgHdTbYf','One Minute You\'re Here',0.193),
	('4vTgx6h4seHvkuFh84JXYP','My Time',0.664),
	('4vWalWi55l3pa9zh4X7NBx','En Chien',0.66),
	('4wNIkl5XGiAACjFBlDWuSd','What A Man Gotta Do',0.324),
	('4Ws314Ylb27BVsvlZOy30C','Lovesick Girls',0.448),
	('4y4spB9m0Q6026KfkAvy9Q','Lonely',0.0927),
	('4yDjzVhXig9tfO7Zv46FE8','Over The Rainbow',0.658),
	('4YdoE1VZUCHMKh4uKb9gEf','Lost Horse',0.567),
	('4yrKn5K6wwO8uoNlFNuCKK','Rue Saint-Louis en l’Île',0.155),
	('4zdlwusc7gvtqTywDEvslg','Pas essentiel',0.591),
	('4zKqWCgGqwWlfJTNaj2R19','A Nos Héros Du Quotidien',0.407),
	('509AITjdQYNihHOLBWBCg3','Mesdames',0.374),
	('50TIALxJW2k7XntjaVzrt1','Nos célébrations',0.59),
	('51aYPHVdOL9sIPOZj9dlXK','Be Honest',0.635),
	('51o4fQv8MM4hisP68pPGtW','Croîs au printemps',0.571),
	('525GY0mXYnxajolwgS8Eaz','Cooler Than Me',0.296),
	('54bFM56PmE4YLRnqpW6Tha','Therefore I Am',0.716),
	('54DmTIv86D3sYdiawjULQ0','Dis-ease',0.484),
	('5508AUnsthPFxPYA8XPvzk','The Whole 9',0.368),
	('55EbjQa4Th0gmzKQdSnMrw','Atmosphere',0.119),
	('56E6eU3tWIbJDt71jWhDb6','Te ressembler',0.631),
	('58AGoOGbwsQMhBbH0eFLRR','Over Now',0.679),
	('593oNiMJ6d9PQkaOLOvIDo','Coco',0.921),
	('59o6ojGNGJOYiVJSzC6Lsa','Memories',NULL),
	('59qrUpoplZxbIZxk6X0Bm3','Take You Dancing',0.753),
	('5a548EzcJXWye2MVBUbzNl','Ça Pleure Aussi Un Homme',0.0751),
	('5BJRUplWRyXtN2rs5hmyEL','Philippine\'s Smiles',0.689),
	('5d1fRuGL7Vz0TNu8OSS2Fo','Quand je marche',0.175),
	('5Ea38RCmV570c6Sj4EUqIq','S\'en aller',0.378),
	('5gHyAV9B3sy3m48nLyq7Ii','Likolo',0.595),
	('5Gz9p2oDVHNHLoQOPHzaXm','Ti amo',0.679),
	('5h405snk6LTdc9dkmzdulq','Presque',0.765),
	('5HEtuK03ygUzqca6yfgOYZ','Lettre À Une Femme',0.905),
	('5HHdKznp8Dqp7nNNd5gEW0','5G',0.548),
	('5hILiyJbTPMy4F1oXGWqha','Printemps éternel',0.968),
	('5hReWjUHqPqkHi31G7izL4','Inner City Blues (make Me Wanna Holla)',0.645),
	('5hvwx5i67IwnCkjl9VHkNv','Diamonds',0.556),
	('5iuKYic7hUbMrOr27nzRuX','Tu es toujours là',0.123),
	('5iyZwawawLjHYpX4MxUKVF','Salt',0.744),
	('5JqZ3oqF00jkT81foAFvqg','Prisoner',0.595),
	('5KG2ahk1cONbHvg3dBdTbx','Mr. Lonely',0.344),
	('5KPnuRrT1y1fGf8HkKMUUO','Fingertips',0.646),
	('5kQ5tKaEs3RHlaLqwjagly','So Maness',0.315),
	('5LPgl92IU1oHCTCxluhUjs','Bizness',0.529),
	('5MHnT8tTakjzZsiuHGxXyc','Waiting For The Stars',0.754),
	('5MxaqqlBzcHWSXceo972sf','SOS d\'un terrien en détresse',0.214),
	('5MYDvUdIBOCX3a42L85kM3','Les planètes',0.528),
	('5Ncjypx5upZS5ZZTaqUzIf','Honsool',0.187),
	('5nujrmhLynf4yMoMtj8AQF','Levitating',0.915),
	('5p9XWUdvbUzmPCukOmwoU3','Suddenly I See',0.664),
	('5Pummf3Y9hkAH0Tsfjw06i','Guitar Safari',0.395),
	('5Qx4tRDy8RnVxACujLF6Vp','(G)rave',0.231),
	('5R2FLI5NJc6T3mCNdooKaj','Yummy',0.497),
	('5RKpHwLrHz96Y6XlaLXmrv','Jusqu\'ici Tout Va Bien',0.451),
	('5RrrQhJKKKMJt3wB5n2N3t','Living In A Ghost Town',0.776),
	('5s8onl5Lw5q1AijP5BUm7G','La Mano De Dios',0.504),
	('5SiZJoLXp3WOl3J4C8IK0d','Darkness',0.195),
	('5tZWtGT65sMrDVPB5H444n','Castles',0.429),
	('5vcvA0w8YoGQiifOmas9uo','Tahiti',0.718),
	('5xLB0Hx994lwfuic5faKtD','Danse avec moi',0.161),
	('5YfWtM9VGkkuDeoPfdgDf0','Écris l\'histoire',0.167),
	('5yY9lUy8nbvjM1Uyo1Uqoc','Life Is Good',0.508),
	('5Z0RJAaQLZwiOsCZuZYw67','Deux Sortes D\'Hommes',0.62),
	('60G0YTBb4gtAgb0ODAPNAn','What A Life',0.64),
	('60nZcImufyMA1MKQY3dcCH','Happy',0.962),
	('62Pp6exz0ywSlBqvNqiY6Z','Anissa',0.582),
	('64GT5b6M5tzqnWcgGlJHyu','C\'est une chanson',0.731),
	('64XJOksESduPbepHxmW2rT','Immortels',0.173),
	('65RWVU6N81CeH65nu52K1U','Jolie nana',0.488),
	('65Uc29xtvhUIk6KUASvQ7Z','NRV',0.577),
	('67HVYTs46uyQKdDRuv0P5l','Je m\'appelle Bagdad',0.278),
	('67JISBbKShmWCHHzbBHi48','Together We Stand',0.559),
	('67k9LmI9vp8G5YDRHVM1Pg','Je remercie mon ex',0.81),
	('67Wep0ydky4pQeC0VVxKNg','E penso a te',0.311),
	('696DnlkuDOXcMAnKlTgXXK','ROXANNE',0.457),
	('6ab3CQvDlAVttThZucwGQ1','Angela',0.378),
	('6ARJHbYGKNatxHVghTkWWp','Joli Bébé',0.243),
	('6b5P51m8xx2XA6U7sdNZ5E','Alone Again',0.0599),
	('6ckdrS5x6ZfiR2Zm1tPCBC','L\'ours',0.579),
	('6cy3ki60hLwimwIje7tALf','RITMO (Bad Boys For Life)',0.667),
	('6DEMMeWXfmFAXgDUMMzeg6','All I Ask',0.357),
	('6DPrYPPGYK218iVIZDix3i','Free',0.0379),
	('6E2BLHjDkrGcnS0nolZRq8','Suite Et Fin',0.335),
	('6F9zYTeHis63GodcFJl3cb','Celui d\'en bas',0.502),
	('6FkWtOHO9PQpCUjCT6lEmo','BOY',0.835),
	('6fRxMU4LWwyaSSowV441IU','Beautiful',0.721),
	('6gCDChAT4ZEyXKvHgLdhYL','Ngarbuh',0.59),
	('6hluRlFf8XucT5KaELb7SF','CAVALIERO',0.561),
	('6hSrPj9ikfFsxE04iVYvCa','La Puerta',0.171),
	('6iZiygCxjFEhV8VWAP6GZy','Les paradis perdus',0.191),
	('6kXjsO0sGgaiR2wKN5uSz7','Tout Gacher',0.645),
	('6lhZLbb0czULpjb2kFryPS','Let\'s Love',0.353),
	('6M1f126jYXwFo3eUMrOmem','Speed Limit',0.454),
	('6muOWhMh7Tf0UFUtMDBhUR','Orphans',0.282),
	('6NKjfTR7VV2oJnCeKVPNSw','Mood Ring (by Demand)',0.288),
	('6OGpURRDL26WAeouxgnfX9','L\'amour L\'amour L\'amour',0.382),
	('6OH3FwtqKBD6TRdPhplQuz','Parc Fermé',0.643),
	('6PmjmuQxr4bkssYwUxMNrQ','Emmène moi',0.342),
	('6R6ZoHTypt5lt68MWbzZXv','Sour Candy',0.784),
	('6RBLVUkcXQ3SEF6bEfEdPU','Grand prix',0.645),
	('6RhvzmN2NRZSc24hF2R9lf','Oveillé',0.501),
	('6RNDeRnWsRMjPdNVgupZCs','I Just Called To Say I Love You',0.65),
	('6Rqn2GFlmvmV4w9Ala0I1e','Feeling Good',0.546),
	('6RwkmsgTmxUK2TziYWqlqL','I Don\'t Search I Find',0.207),
	('6tgEc2O1uFHcZDKPoo6PC8','Already',0.548),
	('6TyQgRUcnfiRwdapyk6Mvo','L\'instant X',0.293),
	('6UelLqGlWMcVH1E5c4H7lY','Watermelon Sugar',0.557),
	('6v3KW9xbzN5yKLt9YKDYA2','Señorita',0.749),
	('6Vc5wAMmXdKIAM7WUoEb7N','Say Something',0.0765),
	('6VIRrzxG8W5J8FZMqooOpx','Holy',0.372),
	('6xQscjpYokg8SyP43tAf8X','Ma vie',0.289),
	('6XRNCAnxJIB1p4RPdFVSq0','People',0.153),
	('6yHVyMdC08djbP86mdkP3G','In My Bones',0.709),
	('6yQy9tpVsMznuU1xrQcg39','Ton héritage',0.32),
	('6YZ9E41Ku875VoVOK6yTYg','Lose You To Love Me',0.0993),
	('6ZE1RQaB4gqubhlqohWcr0','Comme j\'ai mal',0.513),
	('6zFMeegAMYQo0mt8rXtrli','Holiday',0.837),
	('70APCdHsWV5BEsacwjzXmd','Amour toxic',0.642),
	('70LcF31zb1H0PyJoS1Sx1r','Creep',0.104),
	('70pkwEEG7nDTXBFqoGQkH0','Coffret',0.606),
	('70wHpjn8cJjniO0sKcrMup','Pale Yellow',0.0587),
	('71S0bmeVlFckwhq5R0Is2d','Si on disait',0.289),
	('72PoJMDfdaw9gGECgA9kTZ','Nothing From Nothing',0.909),
	('73SpzrcaHk0RQPFP73vqVR','No Time To Die',0.0517),
	('74sCnaxY2KxCdxMErYn9Vj','Le cour en deux',0.191),
	('76Tuo484SLohJakHLnGI3B','Sweet Melody',0.419),
	('780be5fB7823aHG06mwTat','Baianá',0.466),
	('78lTICiATPWoCkxducWgKU','Les Gens Qui Doutent',0.355),
	('79jeTvkW3gvUdldDkQpYOf','La fièvre',0.412),
	('7a53HqqArd4b9NF4XAmlbI','Kings & Queens',0.457),
	('7cch3mlEo2IfYgyrjyDwFv','Si Bien Du Mal',0.952),
	('7ce20yLkzuXXLUhzIDoZih','Before You Go',0.183),
	('7Cg3F9ZsZ2TYUnlza49NYh','Kong',0.674),
	('7CVUB1BfTxVYNnTLK2WCz3','On t\'emmène',0.96),
	('7eJMfftS33KTjuF7lTsMCx','Death Bed',0.348),
	('7FIWs0pqAYbP91WWM0vlTQ','Godzilla',0.829),
	('7ixCRBD0FZMRBeOBhTu2KD','La grenade',0.961),
	('7iZVBT6LV32t4l00p73VAw','Plus jamais',0.291),
	('7jlSV7VE37txK1FJaJmSVU','Casting',0.507),
	('7mOBZM9q6nzBu2NZ9PXsYO','Chere amie',0.489),
	('7n2IirOomwTTGdGZVZ3vCD','Grand Bain',0.336),
	('7N3PAbqfTjSEU1edb2tY8j','Jump',0.795),
	('7oZryU4VFbqOxT0bRceSjj','Candide Crush',0.747),
	('7qEHsqek33rTcFNT9PFqLf','Someone You Loved',0.446),
	('7rBP4bLjMLNkix1nGHjheP','Oui ou non',0.361),
	('7s25THrKz86DM225dOYwnr','Respect',0.965),
	('7s3tBGYEpSKISjk0hbheS5','Dead Bae',0.719),
	('7sf6ZlKaJPtYydEF0JWO4I','Fais le vide',0.922),
	('7szuecWAPwGoV1e5vGu8tl','In Your Eyes',0.717),
	('7tbbz1bDAW8T9cmhTPZPTQ','3SEX',0.303),
	('7tKKdcWvu1kpz6FvGWdPNI','Et demain ?',0.509),
	('7vdq8RlxxuhB1GFIN9FIlI','No me ama',0.697),
	('7wCmS9TTVUcIhRalDYFgPy','Where Is My Mind?',0.25),
	('7wPJBOC2AlfMzgfpJxNcqL','Elle Me Demande',0.304),
	('7xbWAw3LMgRMn4omR5yVn3','Lose Somebody',0.507),
	('7xcBqYe8VQiKIZMjw6fDVa','Sous les pavés',0.693),
	('7y9gbZ9CUnYkpBK4q0qnjB','La fête',0.824);

/*!40000 ALTER TABLE `audio_features` ENABLE KEYS */;
UNLOCK TABLES;


# Dump of table Mean_Temp_week
# ------------------------------------------------------------

DROP TABLE IF EXISTS `Mean_Temp_week`;

CREATE TABLE `Mean_Temp_week` (
  `weeks` int NOT NULL,
  `mean_temp` float DEFAULT NULL,
  PRIMARY KEY (`weeks`)
) ENGINE=InnoDB DEFAULT CHARSET=utf8mb4 COLLATE=utf8mb4_0900_ai_ci;

LOCK TABLES `Mean_Temp_week` WRITE;
/*!40000 ALTER TABLE `Mean_Temp_week` DISABLE KEYS */;

INSERT INTO `Mean_Temp_week` (`weeks`, `mean_temp`)
VALUES
	(1,5.86617),
	(2,7.09723),
	(3,7.32967),
	(4,4.62954),
	(5,9.48448),
	(6,8.06323),
	(7,9.39326),
	(8,8.49193),
	(9,8.37653),
	(10,7.4372),
	(11,9.94375),
	(12,11.0856),
	(13,7.63522),
	(14,8.36499),
	(15,14.7261),
	(16,14.06),
	(17,15.2101),
	(18,13.9062),
	(19,16.6692),
	(20,12.3535),
	(21,17.3833),
	(22,17.7784),
	(23,16.9585),
	(24,15.6917),
	(25,17.1639),
	(26,21.6309),
	(27,19.5556),
	(28,19.7551),
	(29,19.8706),
	(30,21.7883),
	(31,23.489),
	(32,22.9447),
	(33,24.0383),
	(34,22.3329),
	(35,19.0561),
	(36,17.9424),
	(37,19.4354),
	(38,22.3133),
	(39,15.2288),
	(40,13.3696),
	(41,13.4073),
	(42,9.89485),
	(43,14.1075),
	(44,12.7356),
	(45,11.5619),
	(46,12.4465),
	(47,8.84),
	(48,7.67668),
	(49,4.94463),
	(50,5.46354),
	(51,9.02617),
	(52,6.37573),
	(53,3.7437);

/*!40000 ALTER TABLE `Mean_Temp_week` ENABLE KEYS */;
UNLOCK TABLES;


# Dump of table song_rank_week
# ------------------------------------------------------------

DROP TABLE IF EXISTS `song_rank_week`;

CREATE TABLE `song_rank_week` (
  `weeks` int DEFAULT NULL,
  `top` int DEFAULT NULL,
  `artist` varchar(60) CHARACTER SET utf8mb4 COLLATE utf8mb4_0900_ai_ci DEFAULT NULL,
  `track_name` varchar(60) CHARACTER SET utf8mb4 COLLATE utf8mb4_0900_ai_ci DEFAULT NULL
) ENGINE=InnoDB DEFAULT CHARSET=utf8mb4 COLLATE=utf8mb4_0900_ai_ci;

LOCK TABLES `song_rank_week` WRITE;
/*!40000 ALTER TABLE `song_rank_week` DISABLE KEYS */;

INSERT INTO `song_rank_week` (`weeks`, `top`, `artist`, `track_name`)
VALUES
	(1,1,'The Weeknd','Blinding Lights\r'),
	(1,2,'Tones and I','Dance Monkey\r'),
	(1,3,'Angèle','Oui ou non\r'),
	(1,4,'Vitaa','Avant toi\r'),
	(1,5,'Ne Reviens Pas','Stats\r'),
	(1,6,'Maroon 5','Memories\r'),
	(1,7,'Vitaa','Ça va ça vient\r'),
	(1,8,'Major Lazer','Que Calor\r'),
	(1,9,'Soprano','Le coach\r'),
	(1,10,'M. Pokora','Tombé\r'),
	(1,11,'Dua Lipa','Don\'t Start Now\r'),
	(1,12,'Moulaga','Stats\r'),
	(1,13,'Black Eyed Peas','RITMO (Bad Boys For Life)\r'),
	(1,14,'Lady Gaga','I\'ll Never Love Again\r'),
	(1,15,'Regard','Ride It\r'),
	(1,16,'Sound Of Legend','Sweet Dreams (Are Made of This)\r'),
	(1,17,'Clara Luciani','La grenade\r'),
	(1,18,'Angèle','Balance ton quoi\r'),
	(1,19,'Soprano','A Nos Héros Du Quotidien\r'),
	(1,20,'Maître Gims','Reste\r'),
	(1,21,'Shaed','Trampoline\r'),
	(1,22,'Lady Gaga','Shallow\r'),
	(1,23,'Sia','Unstoppable\r'),
	(1,24,'Shawn Mendes','Señorita\r'),
	(1,25,'Mariah Carey','All I Want For Christmas Is You\r'),
	(1,26,'Billie Eilish','Bad Guy\r'),
	(1,27,'Les Frangines','Donnez-moi\r'),
	(1,28,'Bakermat','Baianá\r'),
	(1,29,'Trois Cafés Gourmands','A nos souvenirs\r'),
	(1,30,'Gambi','Popopop\r'),
	(1,31,'Billie Eilish','everything i wanted\r'),
	(1,32,'M. Pokora','Les planètes\r'),
	(1,33,'Ava Max','Torn\r'),
	(1,34,'Clara Luciani','Ma sœur\r'),
	(1,35,'Dadju','Ma vie\r'),
	(1,36,'SAINt JHN','Roses\r'),
	(1,37,'Aya Nakamura','40%\r'),
	(1,38,'Lewis Capaldi','Someone You Loved\r'),
	(1,39,'Coldplay','Orphans\r'),
	(1,40,'Jean-Louis Aubert','Bien sûr\r'),
	(1,41,'Angèle','Tout oublier\r'),
	(1,42,'Lady Gaga','Always Remember Us This Way\r'),
	(1,43,'Clara Luciani','Nue\r'),
	(1,44,'Aya Nakamura','Pookie\r'),
	(1,45,'Lil Nas X','Old Town Road\r'),
	(1,46,'Maëlle','Toutes les machines ont un coeur\r'),
	(1,47,'Jorja Smith','Be Honest\r'),
	(1,48,'Christophe Maé','Les Gens\r'),
	(1,49,'Turn Me On','Stats\r'),
	(1,50,'Angèle','Flou\r'),
	(2,1,'The Weeknd','Blinding Lights\r'),
	(2,2,'Tones and I','Dance Monkey\r'),
	(2,3,'Vitaa','Avant toi\r'),
	(2,4,'Ne Reviens Pas','Stats\r'),
	(2,5,'Angèle','Oui ou non\r'),
	(2,6,'Justin Bieber','Yummy\r'),
	(2,7,'Maroon 5','Memories\r'),
	(2,8,'Moulaga','Stats\r'),
	(2,9,'Vitaa','Ça va ça vient\r'),
	(2,10,'Lady Gaga','I\'ll Never Love Again\r'),
	(2,11,'Regard','Ride It\r'),
	(2,12,'Dua Lipa','Don\'t Start Now\r'),
	(2,13,'Black Eyed Peas','RITMO (Bad Boys For Life)\r'),
	(2,14,'Lady Gaga','Shallow\r'),
	(2,15,'Shaed','Trampoline\r'),
	(2,16,'Soprano','A Nos Héros Du Quotidien\r'),
	(2,17,'Sia','Unstoppable\r'),
	(2,18,'M. Pokora','Tombé\r'),
	(2,19,'Maître Gims','Reste\r'),
	(2,20,'Ava Max','Torn\r'),
	(2,21,'Major Lazer','Que Calor\r'),
	(2,22,'SAINt JHN','Roses\r'),
	(2,23,'Bakermat','Baianá\r'),
	(2,24,'Sound Of Legend','Sweet Dreams (Are Made of This)\r'),
	(2,25,'Shawn Mendes','Señorita\r'),
	(2,26,'Lewis Capaldi','Someone You Loved\r'),
	(2,27,'Angèle','Balance ton quoi\r'),
	(2,28,'Clara Luciani','Ma sœur\r'),
	(2,29,'Soprano','Le coach\r'),
	(2,30,'Ginette Reno','Ça Pleure Aussi Un Homme\r'),
	(2,31,'Les Frangines','Donnez-moi\r'),
	(2,32,'Younha','Winter Flower\r'),
	(2,33,'Mylène Farmer','L\'instant X\r'),
	(2,34,'Billie Eilish','Bad Guy\r'),
	(2,35,'Jorja Smith','Be Honest\r'),
	(2,36,'Nea','Some Say\r'),
	(2,37,'Clara Luciani','La grenade\r'),
	(2,38,'Billie Eilish','everything i wanted\r'),
	(2,39,'Aya Nakamura','40%\r'),
	(2,40,'Dadju','Ma vie\r'),
	(2,41,'Gambi','Popopop\r'),
	(2,42,'Jean-Louis Aubert','Bien sûr\r'),
	(2,43,'Lady Gaga','Always Remember Us This Way\r'),
	(2,44,'Lizzo','Good As Hell\r'),
	(2,45,'Coldplay','Orphans\r'),
	(2,46,'The Avener','You Belong\r'),
	(2,47,'Angèle','Tout oublier\r'),
	(2,48,'Aya Nakamura','Pookie\r'),
	(2,49,'Lil Nas X','Old Town Road\r'),
	(2,50,'Lewis Capaldi','Before You Go\r'),
	(3,1,'The Weeknd','Blinding Lights\r'),
	(3,2,'Tones and I','Dance Monkey\r'),
	(3,3,'Vitaa','Avant toi\r'),
	(3,4,'Ne Reviens Pas','Stats\r'),
	(3,5,'Maroon 5','Memories\r'),
	(3,6,'Alicia Keys','Underdog\r'),
	(3,7,'Vitaa','Ça va ça vient\r'),
	(3,8,'Angèle','Oui ou non\r'),
	(3,9,'Dua Lipa','Don\'t Start Now\r'),
	(3,10,'Moulaga','Stats\r'),
	(3,11,'Black Eyed Peas','RITMO (Bad Boys For Life)\r'),
	(3,12,'Regard','Ride It\r'),
	(3,13,'SAINt JHN','Roses\r'),
	(3,14,'M. Pokora','Tombé\r'),
	(3,15,'Ava Max','Torn\r'),
	(3,16,'Lady Gaga','I\'ll Never Love Again\r'),
	(3,17,'Lady Gaga','Shallow\r'),
	(3,18,'Antoine Elie','La Rose Et L\'armure\r'),
	(3,19,'Billie Eilish','Bad Guy\r'),
	(3,20,'Maître Gims','Reste\r'),
	(3,21,'Sia','Unstoppable\r'),
	(3,22,'Justin Bieber','Yummy\r'),
	(3,23,'Lil Nas X','Old Town Road\r'),
	(3,24,'Vitalic','Waiting For The Stars\r'),
	(3,25,'Les Frangines','Donnez-moi\r'),
	(3,26,'Shaed','Trampoline\r'),
	(3,27,'Selena Gomez','Rare\r'),
	(3,28,'Nicky Jam','Muévelo\r'),
	(3,29,'Soprano','A Nos Héros Du Quotidien\r'),
	(3,30,'Nea','Some Say\r'),
	(3,31,'Bakermat','Baianá\r'),
	(3,32,'Lewis Capaldi','Someone You Loved\r'),
	(3,33,'Angèle','Balance ton quoi\r'),
	(3,34,'Shawn Mendes','Señorita\r'),
	(3,35,'Clara Luciani','Ma sœur\r'),
	(3,36,'Major Lazer','Que Calor\r'),
	(3,37,'Selena Gomez','Lose You To Love Me\r'),
	(3,38,'Robin Schulz','In Your Eyes\r'),
	(3,39,'Soprano','Le coach\r'),
	(3,40,'Future','Life Is Good\r'),
	(3,41,'Billie Eilish','everything i wanted\r'),
	(3,42,'Clara Luciani','La grenade\r'),
	(3,43,'Lady Gaga','Always Remember Us This Way\r'),
	(3,44,'Indochine','Un été français\r'),
	(3,45,'Gambi','Popopop\r'),
	(3,46,'Dadju','Ma vie\r'),
	(3,47,'Carla','Bim Bam Toi\r'),
	(3,48,'Jean-Louis Aubert','Bien sûr\r'),
	(3,49,'Aya Nakamura','40%\r'),
	(3,50,'Jorja Smith','Be Honest\r'),
	(4,1,'The Weeknd','Blinding Lights\r'),
	(4,2,'Tones and I','Dance Monkey\r'),
	(4,3,'BTS','Black Swan\r'),
	(4,4,'Vitaa','Avant toi\r'),
	(4,5,'Ne Reviens Pas','Stats\r'),
	(4,6,'Dua Lipa','Don\'t Start Now\r'),
	(4,7,'Maroon 5','Memories\r'),
	(4,8,'Black Eyed Peas','RITMO (Bad Boys For Life)\r'),
	(4,9,'Dans l\'espace','Stats\r'),
	(4,10,'Regard','Ride It\r'),
	(4,11,'Blanche','Stats\r'),
	(4,12,'Vitaa','Ça va ça vient\r'),
	(4,13,'Moulaga','Stats\r'),
	(4,14,'Angèle','Oui ou non\r'),
	(4,15,'Antoine Elie','La Rose Et L\'armure\r'),
	(4,16,'SAINt JHN','Roses\r'),
	(4,17,'Soprano','A Nos Héros Du Quotidien\r'),
	(4,18,'Nea','Some Say\r'),
	(4,19,'Shaed','Trampoline\r'),
	(4,20,'Clara Luciani','Ma sœur\r'),
	(4,21,'M. Pokora','Tombé\r'),
	(4,22,'Bakermat','Baianá\r'),
	(4,23,'Lady Gaga','I\'ll Never Love Again\r'),
	(4,24,'Ava Max','Torn\r'),
	(4,25,'Jonas Brothers','What A Man Gotta Do\r'),
	(4,26,'Lady Gaga','Shallow\r'),
	(4,27,'Maître Gims','Reste\r'),
	(4,28,'Billie Eilish','Bad Guy\r'),
	(4,29,'Soprano','Le coach\r'),
	(4,30,'Sia','Unstoppable\r'),
	(4,31,'Gregory Porter','Revival\r'),
	(4,32,'Good Time Girl','Stats\r'),
	(4,33,'Angèle','Balance ton quoi\r'),
	(4,34,'Lewis Capaldi','Someone You Loved\r'),
	(4,35,'Les Frangines','Donnez-moi\r'),
	(4,36,'Shawn Mendes','Señorita\r'),
	(4,37,'Dybala','Stats\r'),
	(4,38,'M. Pokora','Si t\'es pas là\r'),
	(4,39,'Maes','Distant\r'),
	(4,40,'Femme Like U (Donne-moi ton corps)','Stats\r'),
	(4,41,'Eminem','Darkness\r'),
	(4,42,'Billie Eilish','everything i wanted\r'),
	(4,43,'Eminem','Godzilla\r'),
	(4,44,'Justin Bieber','Yummy\r'),
	(4,45,'Jean-Louis Aubert','Bien sûr\r'),
	(4,46,'Gambi','Popopop\r'),
	(4,47,'Vitalic','Waiting For The Stars\r'),
	(4,48,'Queen','Bohemian Rhapsody\r'),
	(4,49,'Lady Gaga','Always Remember Us This Way\r'),
	(4,50,'Carla','Bim Bam Toi\r'),
	(5,1,'The Weeknd','Blinding Lights\r'),
	(5,2,'Tones and I','Dance Monkey\r'),
	(5,3,'Vitaa','Avant toi\r'),
	(5,4,'Billie Eilish','Bad Guy\r'),
	(5,5,'Dua Lipa','Don\'t Start Now\r'),
	(5,6,'Ne Reviens Pas','Stats\r'),
	(5,7,'Maroon 5','Memories\r'),
	(5,8,'Black Eyed Peas','RITMO (Bad Boys For Life)\r'),
	(5,9,'Regard','Ride It\r'),
	(5,10,'Nea','Some Say\r'),
	(5,11,'Billie Eilish','everything i wanted\r'),
	(5,12,'Moulaga','Stats\r'),
	(5,13,'Vitaa','Ça va ça vient\r'),
	(5,14,'Shaed','Trampoline\r'),
	(5,15,'Angèle','Oui ou non\r'),
	(5,16,'Soprano','A Nos Héros Du Quotidien\r'),
	(5,17,'Christophe Maé','Casting\r'),
	(5,18,'Dans l\'espace','Stats\r'),
	(5,19,'Bakermat','Baianá\r'),
	(5,20,'Sia','Unstoppable\r'),
	(5,21,'M. Pokora','Tombé\r'),
	(5,22,'Good Time Girl','Stats\r'),
	(5,23,'SAINt JHN','Roses\r'),
	(5,24,'Demi Lovato','Anyone\r'),
	(5,25,'Lady Gaga','I\'ll Never Love Again\r'),
	(5,26,'The Avener','Beautiful\r'),
	(5,27,'Blanche','Stats\r'),
	(5,28,'Clara Luciani','Ma sœur\r'),
	(5,29,'Justin Bieber','Yummy\r'),
	(5,30,'Lewis Capaldi','Before You Go\r'),
	(5,31,'Lil Nas X','Old Town Road\r'),
	(5,32,'Les Frangines','Donnez-moi\r'),
	(5,33,'Maître Gims','Reste\r'),
	(5,34,'Ava Max','Torn\r'),
	(5,35,'Lady Gaga','Shallow\r'),
	(5,36,'Lewis Capaldi','Someone You Loved\r'),
	(5,37,'Angèle','Balance ton quoi\r'),
	(5,38,'M. Pokora','Si t\'es pas là\r'),
	(5,39,'Damso','Oveillé\r'),
	(5,40,'Jonas Brothers','What A Man Gotta Do\r'),
	(5,41,'Freya Ridings','Castles\r'),
	(5,42,'Dj Arafat','Kong\r'),
	(5,43,'Benjamin Biolay','Ton héritage\r'),
	(5,44,'Queen','Bohemian Rhapsody\r'),
	(5,45,'Toss A Coin To Your Witcher','Stats\r'),
	(5,46,'Soprano','Le coach\r'),
	(5,47,'Aya Nakamura','40%\r'),
	(5,48,'Shawn Mendes','Señorita\r'),
	(5,49,'Alicia Keys','Underdog\r'),
	(5,50,'Gregory Porter','Revival\r'),
	(6,1,'The Weeknd','Blinding Lights\r'),
	(6,2,'Tones and I','Dance Monkey\r'),
	(6,3,'Vitaa','Avant toi\r'),
	(6,4,'Billie Eilish','Bad Guy\r'),
	(6,5,'Ne Reviens Pas','Stats\r'),
	(6,6,'Dua Lipa','Don\'t Start Now\r'),
	(6,7,'Nea','Some Say\r'),
	(6,8,'Maroon 5','Memories\r'),
	(6,9,'Dua Lipa','Physical\r'),
	(6,10,'Regard','Ride It\r'),
	(6,11,'Lovely','Stats\r'),
	(6,12,'Vitaa','Ça va ça vient\r'),
	(6,13,'Angèle','Oui ou non\r'),
	(6,14,'Shaed','Trampoline\r'),
	(6,15,'Black Eyed Peas','RITMO (Bad Boys For Life)\r'),
	(6,16,'Billie Eilish','everything i wanted\r'),
	(6,17,'Clara Luciani','Ma sœur\r'),
	(6,18,'Moulaga','Stats\r'),
	(6,19,'Billie Eilish','idontwannabeyouanymore\r'),
	(6,20,'Sia','Unstoppable\r'),
	(6,21,'M. Pokora','Tombé\r'),
	(6,22,'Soprano','A Nos Héros Du Quotidien\r'),
	(6,23,'Lady Gaga','I\'ll Never Love Again\r'),
	(6,24,'Bakermat','Baianá\r'),
	(6,25,'Ava Max','Torn\r'),
	(6,26,'Maître Gims','Reste\r'),
	(6,27,'SAINt JHN','Roses\r'),
	(6,28,'Justin Bieber','Yummy\r'),
	(6,29,'Lewis Capaldi','Before You Go\r'),
	(6,30,'Carla','Bim Bam Toi\r'),
	(6,31,'Soprano','Le coach\r'),
	(6,32,'Lady Gaga','Shallow\r'),
	(6,33,'Alicia Keys','Underdog\r'),
	(6,34,'Angèle','Balance ton quoi\r'),
	(6,35,'Taylor Swift','Only The Young\r'),
	(6,36,'Marina Kaye','The Whole 9\r'),
	(6,37,'Les Frangines','Donnez-moi\r'),
	(6,38,'Clara Luciani','La grenade\r'),
	(6,39,'Lewis Capaldi','Someone You Loved\r'),
	(6,40,'Dans l\'espace','Stats\r'),
	(6,41,'Shawn Mendes','Señorita\r'),
	(6,42,'Roddy Ricch','The Box\r'),
	(6,43,'M. Pokora','Si t\'es pas là\r'),
	(6,44,'Freya Ridings','Castles\r'),
	(6,45,'Major Lazer','Que Calor\r'),
	(6,46,'Aya Nakamura','40%\r'),
	(6,47,'Lady Gaga','Always Remember Us This Way\r'),
	(6,48,'M. Pokora','Les planètes\r'),
	(6,49,'Christophe Maé','Casting\r'),
	(6,50,'Jean-Louis Aubert','Bien sûr\r'),
	(7,1,'The Weeknd','Blinding Lights\r'),
	(7,2,'Tones and I','Dance Monkey\r'),
	(7,3,'Vitaa','Avant toi\r'),
	(7,4,'Soolking','Melegim\r'),
	(7,5,'Nea','Some Say\r'),
	(7,6,'Ne Reviens Pas','Stats\r'),
	(7,7,'Billie Eilish','Bad Guy\r'),
	(7,8,'Maroon 5','Memories\r'),
	(7,9,'Dua Lipa','Don\'t Start Now\r'),
	(7,10,'Eminem','Lose Yourself\r'),
	(7,11,'Regard','Ride It\r'),
	(7,12,'Lady Gaga','I\'ll Never Love Again\r'),
	(7,13,'Shaed','Trampoline\r'),
	(7,14,'Vitaa','Ça va ça vient\r'),
	(7,15,'Black Eyed Peas','RITMO (Bad Boys For Life)\r'),
	(7,16,'Billie Eilish','everything i wanted\r'),
	(7,17,'Angèle','Oui ou non\r'),
	(7,18,'Lady Gaga','Shallow\r'),
	(7,19,'Sia','Unstoppable\r'),
	(7,20,'Clara Luciani','Ma sœur\r'),
	(7,21,'The Pussycat Dolls','React\r'),
	(7,22,'M. Pokora','Si t\'es pas là\r'),
	(7,23,'Moulaga','Stats\r'),
	(7,24,'Bakermat','Baianá\r'),
	(7,25,'Lewis Capaldi','Before You Go\r'),
	(7,26,'Soprano','A Nos Héros Du Quotidien\r'),
	(7,27,'Maître Gims','Reste\r'),
	(7,28,'Ava Max','Torn\r'),
	(7,29,'Justin Bieber','Yummy\r'),
	(7,30,'M. Pokora','Tombé\r'),
	(7,31,'Clara Luciani','La grenade\r'),
	(7,32,'Dua Lipa','Physical\r'),
	(7,33,'Tusa','Stats\r'),
	(7,34,'Lady Gaga','Always Remember Us This Way\r'),
	(7,35,'Roddy Ricch','The Box\r'),
	(7,36,'Christine and the Queens','People, I\'ve been sad\r'),
	(7,37,'SAINt JHN','Roses\r'),
	(7,38,'Carla','Bim Bam Toi\r'),
	(7,39,'Shawn Mendes','Señorita\r'),
	(7,40,'Lewis Capaldi','Someone You Loved\r'),
	(7,41,'Dans l\'espace','Stats\r'),
	(7,42,'Major Lazer','Que Calor\r'),
	(7,43,'Jean-Louis Aubert','Bien sûr\r'),
	(7,44,'Soprano','Le coach\r'),
	(7,45,'Les Frangines','Donnez-moi\r'),
	(7,46,'Benjamin Biolay','C\'est Magnifique\r'),
	(7,47,'The Faim','Summer Is a Curse\r'),
	(7,48,'Justin Bieber','Intentions\r'),
	(7,49,'Aya Nakamura','40%\r'),
	(7,50,'Freya Ridings','Castles\r'),
	(8,1,'The Weeknd','Blinding Lights\r'),
	(8,2,'Tones and I','Dance Monkey\r'),
	(8,3,'Billie Eilish','No Time To Die\r'),
	(8,4,'Vitaa','Avant toi\r'),
	(8,5,'Pomme','La face cachée\r'),
	(8,6,'Nea','Some Say\r'),
	(8,7,'Vitaa','Ça va ça vient\r'),
	(8,8,'Billie Eilish','Bad Guy\r'),
	(8,9,'Clara Luciani','Ma sœur\r'),
	(8,10,'Clara Luciani','Nue\r'),
	(8,11,'Angèle','Oui ou non\r'),
	(8,12,'David Bowie','Alabama Song\r'),
	(8,13,'Clara Luciani','La grenade\r'),
	(8,14,'Soolking','Melegim\r'),
	(8,15,'Regard','Ride It\r'),
	(8,16,'Dua Lipa','Don\'t Start Now\r'),
	(8,17,'Maroon 5','Memories\r'),
	(8,18,'Billie Eilish','everything i wanted\r'),
	(8,19,'Tusa','Stats\r'),
	(8,20,'Ne Reviens Pas','Stats\r'),
	(8,21,'Shaed','Trampoline\r'),
	(8,22,'Dead Or Alive','You Spin Me Round (Like A Record) (Re-Recorded / Remastered)'),
	(8,23,'Bakermat','Baianá\r'),
	(8,24,'Black Eyed Peas','RITMO (Bad Boys For Life)\r'),
	(8,25,'Eminem','Lose Yourself\r'),
	(8,26,'M. Pokora','Si t\'es pas là\r'),
	(8,27,'Lady Gaga','I\'ll Never Love Again\r'),
	(8,28,'Lady Gaga','Shallow\r'),
	(8,29,'Lewis Capaldi','Before You Go\r'),
	(8,30,'Les Enfoirés','À côté de toi\r'),
	(8,31,'Alain Souchon','Presque\r'),
	(8,32,'Soprano','A Nos Héros Du Quotidien\r'),
	(8,33,'Hoshi','Amour Censure\r'),
	(8,34,'Justin Bieber','Yummy\r'),
	(8,35,'Angèle','Balance ton quoi\r'),
	(8,36,'Moulaga','Stats\r'),
	(8,37,'Tom Leeb','The Best in Me - Eurovision France 2020\r'),
	(8,38,'Tina Arena','Je m\'appelle Bagdad\r'),
	(8,39,'Sia','Unstoppable\r'),
	(8,40,'Dua Lipa','Physical\r'),
	(8,41,'Carla','Bim Bam Toi\r'),
	(8,42,'M. Pokora','Tombé\r'),
	(8,43,'Maître Gims','Reste\r'),
	(8,44,'Freya Ridings','Castles\r'),
	(8,45,'Soprano','Le coach\r'),
	(8,46,'Ava Max','Torn\r'),
	(8,47,'Les Frangines','Donnez-moi\r'),
	(8,48,'SAINt JHN','Roses\r'),
	(8,49,'Sam Smith','To Die For\r'),
	(8,50,'Lady Gaga','Always Remember Us This Way\r'),
	(9,1,'BTS','ON\r'),
	(9,2,'The Weeknd','Blinding Lights\r'),
	(9,3,'Tones and I','Dance Monkey\r'),
	(9,4,'Vitaa','Avant toi\r'),
	(9,5,'Billie Eilish','No Time To Die\r'),
	(9,6,'Nea','Some Say\r'),
	(9,7,'Tusa','Stats\r'),
	(9,8,'Ne Reviens Pas','Stats\r'),
	(9,9,'BTS','Filter\r'),
	(9,10,'Dua Lipa','Don\'t Start Now\r'),
	(9,11,'BTS','We Are Bulletproof : The Eternal\r'),
	(9,12,'BTS','Louder Than Bombs\r'),
	(9,13,'Maroon 5','Memories\r'),
	(9,14,'Billie Eilish','Bad Guy\r'),
	(9,15,'Regard','Ride It\r'),
	(9,16,'BTS','UGH!\r'),
	(9,17,'Soolking','Melegim\r'),
	(9,18,'BTS','Friends\r'),
	(9,19,'BTS','My Time\r'),
	(9,20,'BTS','Inner Child\r'),
	(9,21,'Angèle','Oui ou non\r'),
	(9,22,'BTS','Interlude : Shadow\r'),
	(9,23,'BTS','00:00 (Zero O’Clock)\r'),
	(9,24,'BTS','Moon\r'),
	(9,25,'Clara Luciani','La grenade\r'),
	(9,26,'Vitaa','Ça va ça vient\r'),
	(9,27,'Shaed','Trampoline\r'),
	(9,28,'Bts','Outro : Ego\r'),
	(9,29,'Billie Eilish','everything i wanted\r'),
	(9,30,'Clara Luciani','Ma sœur\r'),
	(9,31,'Black Eyed Peas','RITMO (Bad Boys For Life)\r'),
	(9,32,'Bts','Respect\r'),
	(9,33,'Lewis Capaldi','Before You Go\r'),
	(9,34,'The Weeknd','After Hours\r'),
	(9,35,'Selena Gomez','Feel Me\r'),
	(9,36,'Bakermat','Baianá\r'),
	(9,37,'Lady Gaga','Shallow\r'),
	(9,38,'Les Enfoirés','À côté de toi\r'),
	(9,39,'Dua Lipa','Physical\r'),
	(9,40,'M. Pokora','Si t\'es pas là\r'),
	(9,41,'Lady Gaga','I\'ll Never Love Again\r'),
	(9,42,'BTS','Black Swan\r'),
	(9,43,'Angèle','Balance ton quoi\r'),
	(9,44,'Moulaga','Stats\r'),
	(9,45,'6.3','Stats\r'),
	(9,46,'Carla','Bim Bam Toi\r'),
	(9,47,'Soprano','A Nos Héros Du Quotidien\r'),
	(9,48,'Izia','Sous les pavés\r'),
	(9,49,'Coldplay','BrokEn\r'),
	(9,50,'The Faim','Summer Is a Curse\r'),
	(10,1,'Lady Gaga','Stupid Love\r'),
	(10,2,'The Weeknd','Blinding Lights\r'),
	(10,3,'Tones and I','Dance Monkey\r'),
	(10,4,'Vitaa','Avant toi\r'),
	(10,5,'Christine And The Queens','La Vita Nuova - EP\r'),
	(10,6,'Nea','Some Say\r'),
	(10,7,'Tusa','Stats\r'),
	(10,8,'Ne Reviens Pas','Stats\r'),
	(10,9,'Dua Lipa','Don\'t Start Now\r'),
	(10,10,'Roddy Ricch','The Box\r'),
	(10,11,'Maroon 5','Memories\r'),
	(10,12,'Lady Gaga','Shallow\r'),
	(10,13,'Billie Eilish','Bad Guy\r'),
	(10,14,'Vitaa','Ça va ça vient\r'),
	(10,15,'Regard','Ride It\r'),
	(10,16,'Lewis Capaldi','Before You Go\r'),
	(10,17,'Soolking','Melegim\r'),
	(10,18,'Angèle','Oui ou non\r'),
	(10,19,'Bakermat','Baianá\r'),
	(10,20,'Clara Luciani','La grenade\r'),
	(10,21,'6.3','Stats\r'),
	(10,22,'Les Enfoirés','À côté de toi\r'),
	(10,23,'SZA & Justin Timberlake','The Other Side\r'),
	(10,24,'Shaed','Trampoline\r'),
	(10,25,'Clara Luciani','Ma sœur\r'),
	(10,26,'Freya Ridings','Castles\r'),
	(10,27,'Billie Eilish','everything i wanted\r'),
	(10,28,'Black Eyed Peas','RITMO (Bad Boys For Life)\r'),
	(10,29,'Billy Preston','Nothing From Nothing\r'),
	(10,30,'Moulaga','Stats\r'),
	(10,31,'M. Pokora','Si t\'es pas là\r'),
	(10,32,'Louis Chedid','Tout ce qu\'on veut dans la vie\r'),
	(10,33,'Billie Eilish','No Time To Die\r'),
	(10,34,'SAINt JHN','Roses\r'),
	(10,35,'Dua Lipa','Physical\r'),
	(10,36,'Soprano','A Nos Héros Du Quotidien\r'),
	(10,37,'Ava Max','Torn\r'),
	(10,38,'Lady Gaga','I\'ll Never Love Again\r'),
	(10,39,'Ninho','M.I.L.S 3\r'),
	(10,40,'Pixies','Where Is My Mind?\r'),
	(10,41,'M. Pokora','Tombé\r'),
	(10,42,'Angèle','Balance ton quoi\r'),
	(10,43,'Jean-Louis Aubert','Bien sûr\r'),
	(10,44,'Dead Or Alive','You Spin Me Round (Like A Record) (Re-Recorded / Remastered)'),
	(10,45,'Maître Gims','Reste\r'),
	(10,46,'Doja Cat','Say So\r'),
	(10,47,'Angèle','Ta reine\r'),
	(10,48,'Carla','Bim Bam Toi\r'),
	(10,49,'SDM','La Zone\r'),
	(10,50,'Clara Luciani','Nue\r'),
	(11,1,'The Weeknd','Blinding Lights\r'),
	(11,2,'Vitaa','Avant toi\r'),
	(11,3,'Les Enfoirés','À côté de toi\r'),
	(11,4,'Tusa','Stats\r'),
	(11,5,'Tones and I','Dance Monkey\r'),
	(11,6,'Les Enfoirés','Mourir Sur Scène\r'),
	(11,7,'Ninho','Lettre À Une Femme\r'),
	(11,8,'Nea','Some Say\r'),
	(11,9,'Ne Reviens Pas','Stats\r'),
	(11,10,'Dua Lipa','Don\'t Start Now\r'),
	(11,11,'Lady Gaga','Stupid Love\r'),
	(11,12,'Clara Luciani','La grenade\r'),
	(11,13,'Booba','CAVALIERO\r'),
	(11,14,'Lewis Capaldi','Before You Go\r'),
	(11,15,'Les Enfoirés','Vivre Pour Le Meilleur\r'),
	(11,16,'Regard','Ride It\r'),
	(11,17,'Maroon 5','Memories\r'),
	(11,18,'Vitaa','Ça va ça vient\r'),
	(11,19,'Who','Stats\r'),
	(11,20,'Billie Eilish','Bad Guy\r'),
	(11,21,'Soprano','A Nos Héros Du Quotidien\r'),
	(11,22,'Freya Ridings','Castles\r'),
	(11,23,'Dua Lipa','Physical\r'),
	(11,24,'Soolking','Melegim\r'),
	(11,25,'Doja Cat','Say So\r'),
	(11,26,'Angèle','Oui ou non\r'),
	(11,27,'Shaed','Trampoline\r'),
	(11,28,'Roddy Ricch','The Box\r'),
	(11,29,'Demi Lovato','I Love Me\r'),
	(11,30,'M. Pokora','Si t\'es pas là\r'),
	(11,31,'Richard Clayderman','I Just Called To Say I Love You\r'),
	(11,32,'Clara Luciani','Ma sœur\r'),
	(11,33,'Bakermat','Baianá\r'),
	(11,34,'Billie Eilish','everything i wanted\r'),
	(11,35,'Les Enfoirés','Combien De Murs\r'),
	(11,36,'Lady Gaga','Shallow\r'),
	(11,37,'6.3','Stats\r'),
	(11,38,'Soprano','Le coach\r'),
	(11,39,'Black Eyed Peas','RITMO (Bad Boys For Life)\r'),
	(11,40,'Carla','Bim Bam Toi\r'),
	(11,41,'Billie Eilish','No Time To Die\r'),
	(11,42,'Moulaga','Stats\r'),
	(11,43,'Ava Max','Salt\r'),
	(11,44,'Josh Groban','You Raise Me Up\r'),
	(11,45,'M. Pokora','Tombé\r'),
	(11,46,'Noel Gallagher\'s High Flying Birds','Blue Moon Rising Ep\r'),
	(11,47,'Hoshi','Amour Censure\r'),
	(11,48,'You Raise Me Up','Stats\r'),
	(11,49,'Les Enfoirés','Your Song\r'),
	(11,50,'Maître Gims','Reste\r'),
	(12,1,'The Weeknd','Blinding Lights\r'),
	(12,2,'Tones and I','Dance Monkey\r'),
	(12,3,'Tusa','Stats\r'),
	(12,4,'Vitaa','Avant toi\r'),
	(12,5,'Ninho','Lettre À Une Femme\r'),
	(12,6,'Les Enfoirés','À côté de toi\r'),
	(12,7,'Nea','Some Say\r'),
	(12,8,'Ne Reviens Pas','Stats\r'),
	(12,9,'Ava Max','Kings & Queens\r'),
	(12,10,'V','Sweet Night\r'),
	(12,11,'Dua Lipa','Don\'t Start Now\r'),
	(12,12,'Lady Gaga','Stupid Love\r'),
	(12,13,'Roddy Ricch','The Box\r'),
	(12,14,'Maroon 5','Memories\r'),
	(12,15,'Lewis Capaldi','Before You Go\r'),
	(12,16,'Doja Cat','Say So\r'),
	(12,17,'Soolking','Melegim\r'),
	(12,18,'Regard','Ride It\r'),
	(12,19,'Billie Eilish','everything i wanted\r'),
	(12,20,'Billie Eilish','Bad Guy\r'),
	(12,21,'Les Enfoirés','Mourir Sur Scène\r'),
	(12,22,'M. Pokora','Si t\'es pas là\r'),
	(12,23,'Clean Bandit','Symphony\r'),
	(12,24,'Freya Ridings','Castles\r'),
	(12,25,'Therapie TAXI','Candide Crush\r'),
	(12,26,'Vitaa','Ça va ça vient\r'),
	(12,27,'Shaed','Trampoline\r'),
	(12,28,'Bakermat','Baianá\r'),
	(12,29,'Ava Max','Salt\r'),
	(12,30,'Dua Lipa','Physical\r'),
	(12,31,'Soprano','A Nos Héros Du Quotidien\r'),
	(12,32,'6.3','Stats\r'),
	(12,33,'Soprano','Ninja\r'),
	(12,34,'Angèle','Oui ou non\r'),
	(12,35,'Moulaga','Stats\r'),
	(12,36,'Clara Luciani','Ma sœur\r'),
	(12,37,'Soprano','Le coach\r'),
	(12,38,'SAINt JHN','Roses\r'),
	(12,39,'Ava Max','Torn\r'),
	(12,40,'Clara Luciani','La grenade\r'),
	(12,41,'Lady Gaga','Shallow\r'),
	(12,42,'Mouloudji','L\'amour L\'amour L\'amour\r'),
	(12,43,'SZA & Justin Timberlake','The Other Side\r'),
	(12,44,'Ily','Stats\r'),
	(12,45,'Booba','CAVALIERO\r'),
	(12,46,'Baila Conmigo','Stats\r'),
	(12,47,'Carla','Bim Bam Toi\r'),
	(12,48,'Black Blood','A.I.E. (A\'Mwana)\r'),
	(12,49,'Hoshi','Amour Censure\r'),
	(12,50,'Black Eyed Peas','RITMO (Bad Boys For Life)\r'),
	(13,1,'Ninho','Lettre À Une Femme\r'),
	(13,2,'The Weeknd','Blinding Lights\r'),
	(13,3,'6.3','Stats\r'),
	(13,4,'Soolking','Melegim\r'),
	(13,5,'Ninho','Zipette\r'),
	(13,6,'Roddy Ricch','The Box\r'),
	(13,7,'Tones and I','Dance Monkey\r'),
	(13,8,'Ne Reviens Pas','Stats\r'),
	(13,9,'Promo','Stats\r'),
	(13,10,'Tusa','Stats\r'),
	(13,11,'SAINt JHN','Roses\r'),
	(13,12,'Every Day','Stats\r'),
	(13,13,'Blanche','Stats\r'),
	(13,14,'Ninho','La Puerta\r'),
	(13,15,'Maes','Distant\r'),
	(13,16,'Regard','Ride It\r'),
	(13,17,'Nea','Some Say\r'),
	(13,18,'Dua Lipa','Don\'t Start Now\r'),
	(13,19,'MD','Stats\r'),
	(13,20,'Dybala','Stats\r'),
	(13,21,'Ninho','Filon\r'),
	(13,22,'Moulaga','Stats\r'),
	(13,23,'Ninho','Centre Commercial\r'),
	(13,24,'Aya Nakamura','40%\r'),
	(13,25,'Ninho','Gros Vendeurs\r'),
	(13,26,'Vitaa','Avant toi\r'),
	(13,27,'Ninho','Le Jeu\r'),
	(13,28,'Pirate','Stats\r'),
	(13,29,'Ninho','M.I.L.S 3\r'),
	(13,30,'Ninho','C\'Était Le Rap\r'),
	(13,31,'Bakermat','Baianá\r'),
	(13,32,'Doja Cat','Say So\r'),
	(13,33,'Imen Es','1ère fois\r'),
	(13,34,'Angèle','Oui ou non\r'),
	(13,35,'Soolking','Ça Fait Des Années\r'),
	(13,36,'Ninho','En Chien\r'),
	(13,37,'The Weeknd','In Your Eyes\r'),
	(13,38,'Dans l\'espace','Stats\r'),
	(13,39,'93% (Tijuana)','Stats\r'),
	(13,40,'Ninho','Mauvais Djo\r'),
	(13,41,'Surfaces','Sunday Best\r'),
	(13,42,'Trevor Daniel','Falling\r'),
	(13,43,'Arizona Zervas','ROXANNE\r'),
	(13,44,'Ninho','Intro (m.i.l.s 3)\r'),
	(13,45,'Soso Maness','So Maness\r'),
	(13,46,'La Kichta','Stats\r'),
	(13,47,'Black Eyed Peas','RITMO (Bad Boys For Life)\r'),
	(13,48,'Hornet La Frappe','Calumet\r'),
	(13,49,'Tu Sais Qu\'on Est Gang','Stats\r'),
	(13,50,'The Weeknd','Alone Again\r'),
	(18,1,'The Rolling Stones','Living In A Ghost Town\r'),
	(18,2,'The Weeknd','Blinding Lights\r'),
	(18,3,'Young T & Bugsey','Don\'t Rush\r'),
	(18,4,'Benjamin Biolay','Comment est ta peine ?\r'),
	(18,5,'Et demain ? Le collectif','Et demain ?\r'),
	(18,6,'Tones and I','Dance Monkey\r'),
	(18,7,'Christophe','Les mots bleus\r'),
	(18,8,'SAINt JHN','Roses\r'),
	(18,9,'Calogero','On fait comme si\r'),
	(18,10,'Tusa','Stats\r'),
	(18,11,'Black Eyed Peas','Mamacita\r'),
	(18,12,'Ily','Stats\r'),
	(18,13,'Christophe','Les paradis perdus\r'),
	(18,14,'Doja Cat','Say So\r'),
	(18,15,'The Scotts','The Scotts\r'),
	(18,16,'Lost Frequencies','Love To Go\r'),
	(18,17,'Bilal Hassani','Fais le vide\r'),
	(18,18,'Vitaa','Avant toi\r'),
	(18,19,'Woodkid','Goliath\r'),
	(18,20,'Nea','Some Say\r'),
	(18,21,'Christophe','Aline\r'),
	(18,22,'Dua Lipa','Physical\r'),
	(18,23,'Christophe','Les Marionnettes\r'),
	(18,24,'Imen Es','1ère fois\r'),
	(18,25,'Dua Lipa','Don\'t Start Now\r'),
	(18,26,'Regard','Ride It\r'),
	(18,27,'Soprano','A Nos Héros Du Quotidien\r'),
	(18,28,'Lady Gaga','Stupid Love\r'),
	(18,29,'Christophe','Daisy\r'),
	(18,30,'Manu Pilas','Bella Ciao\r'),
	(18,31,'Lewis Capaldi','Before You Go\r'),
	(18,32,'The Weeknd','In Your Eyes\r'),
	(18,33,'Freya Ridings','Castles\r'),
	(18,34,'Pagny Obispo Lavoine','Pour les Gens Du Secours\r'),
	(18,35,'Billie Eilish','Bad Guy\r'),
	(18,36,'Les Enfoirés','À côté de toi\r'),
	(18,37,'Powfu','Death Bed\r'),
	(18,38,'Soprano','Ninja\r'),
	(18,39,'Soolking','Melegim\r'),
	(18,40,'Megan Thee Stallion','Savage\r'),
	(18,41,'Ava Max','Salt\r'),
	(18,42,'Drake','Toosie Slide\r'),
	(18,43,'Helmut Fritz','Ça m\'énerve\r'),
	(18,44,'Lara Fabian','Nos coeurs à la fenêtre\r'),
	(18,45,'Astronomia','Stats\r'),
	(18,46,'Maroon 5','Memories\r'),
	(18,47,'Christophe','Succès fou\r'),
	(18,48,'Hoshi','Amour Censure\r'),
	(18,49,'Pharrell Williams','Happy\r'),
	(18,50,'Shaed','Trampoline\r'),
	(19,1,'Idir','A Vava Inouva\r'),
	(19,2,'The Weeknd','Blinding Lights\r'),
	(19,3,'Doja Cat','Say So\r'),
	(19,4,'Et demain ? Le collectif','Et demain ?\r'),
	(19,5,'Young T & Bugsey','Don\'t Rush\r'),
	(19,6,'Tones and I','Dance Monkey\r'),
	(19,7,'The Rolling Stones','Living In A Ghost Town\r'),
	(19,8,'SAINt JHN','Roses\r'),
	(19,9,'Iu','eight\r'),
	(19,10,'Benjamin Biolay','Comment est ta peine ?\r'),
	(19,11,'Black Eyed Peas','Mamacita\r'),
	(19,12,'Soprano','A Nos Héros Du Quotidien\r'),
	(19,13,'Tusa','Stats\r'),
	(19,14,'Ily','Stats\r'),
	(19,15,'Dua Lipa','Physical\r'),
	(19,16,'Calogero','On fait comme si\r'),
	(19,17,'Nea','Some Say\r'),
	(19,18,'Megan Thee Stallion','Savage\r'),
	(19,19,'Jenifer','Comme c\'est bon\r'),
	(19,20,'Elton John','I\'m Still Standing\r'),
	(19,21,'The Weeknd','In Your Eyes\r'),
	(19,22,'Regard','Ride It\r'),
	(19,23,'Vitaa','Avant toi\r'),
	(19,24,'Elton John','Your Song\r'),
	(19,25,'Ava Max','Salt\r'),
	(19,26,'Lewis Capaldi','Before You Go\r'),
	(19,27,'Soprano','Ninja\r'),
	(19,28,'Powfu','Death Bed\r'),
	(19,29,'Madonna','I Don\'t Search I Find\r'),
	(19,30,'Dua Lipa','Don\'t Start Now\r'),
	(19,31,'Drake','Toosie Slide\r'),
	(19,32,'Freya Ridings','Castles\r'),
	(19,33,'Lady Gaga','Stupid Love\r'),
	(19,34,'Soolking','Melegim\r'),
	(19,35,'Breaking Me','Stats\r'),
	(19,36,'I Love You','Stats\r'),
	(19,37,'Maroon 5','Memories\r'),
	(19,38,'Billie Eilish','Bad Guy\r'),
	(19,39,'Manu Pilas','Bella Ciao\r'),
	(19,40,'Lady Gaga','Shallow\r'),
	(19,41,'Robin Schulz','In Your Eyes\r'),
	(19,42,'Christophe','Les mots bleus\r'),
	(19,43,'Camélia Jordana','Facile\r'),
	(19,44,'Soprano','Le coach\r'),
	(19,45,'Imen Es','1ère fois\r'),
	(19,46,'Les Enfoirés','À côté de toi\r'),
	(19,47,'Helmut Fritz','Ça m\'énerve\r'),
	(19,48,'The Scotts','The Scotts\r'),
	(19,49,'Hoshi','Amour Censure\r'),
	(19,50,'Supalonely','Stats\r'),
	(20,1,'Ariana Grande','Stuck With U\r'),
	(20,2,'The Weeknd','Blinding Lights\r'),
	(20,3,'Et demain ? Le collectif','Et demain ?\r'),
	(20,4,'Doja Cat','Say So\r'),
	(20,5,'6ix9ine','Gooba\r'),
	(20,6,'Tones and I','Dance Monkey\r'),
	(20,7,'Booba','Jauné\r'),
	(20,8,'Young T & Bugsey','Don\'t Rush\r'),
	(20,9,'Vianney','N\'attendons pas\r'),
	(20,10,'SAINt JHN','Roses\r'),
	(20,11,'(I\'ve Had) The Time Of My Life','Stats\r'),
	(20,12,'The Rolling Stones','Living In A Ghost Town\r'),
	(20,13,'Tusa','Stats\r'),
	(20,14,'Lady Gaga','Shallow\r'),
	(20,15,'Black Eyed Peas','Mamacita\r'),
	(20,16,'Little Richard','Tutti Frutti\r'),
	(20,17,'Dua Lipa','Physical\r'),
	(20,18,'Ily','Stats\r'),
	(20,19,'The Weeknd','In Your Eyes\r'),
	(20,20,'Aldebert','Corona Minus, la chanson des gestes barrières pour l\'école\r'),
	(20,21,'Vitaa','Avant toi\r'),
	(20,22,'Benjamin Biolay','Comment est ta peine ?\r'),
	(20,23,'Jenifer','Comme c\'est bon\r'),
	(20,24,'Soprano','A Nos Héros Du Quotidien\r'),
	(20,25,'Powfu','Death Bed\r'),
	(20,26,'Lady Gaga','Stupid Love\r'),
	(20,27,'Vladimir Cauchemar','(G)rave\r'),
	(20,28,'I Love You','Stats\r'),
	(20,29,'Ava Max','Salt\r'),
	(20,30,'Eric Carmen','Hungry Eyes\r'),
	(20,31,'Lewis Capaldi','Before You Go\r'),
	(20,32,'Nea','Some Say\r'),
	(20,33,'She\'s Like The Wind','Stats\r'),
	(20,34,'Calogero','On fait comme si\r'),
	(20,35,'Soolking','Melegim\r'),
	(20,36,'Robin Schulz','In Your Eyes\r'),
	(20,37,'Richard Bona','Ngarbuh\r'),
	(20,38,'Soprano','Ninja\r'),
	(20,39,'Hatik','Angela\r'),
	(20,40,'Camélia Jordana','Facile\r'),
	(20,41,'Regard','Ride It\r'),
	(20,42,'Dua Lipa','Don\'t Start Now\r'),
	(20,43,'Keen\'v','Tahiti\r'),
	(20,44,'Les Enfoirés','À côté de toi\r'),
	(20,45,'Head Shoulders Knees & Toes','Stats\r'),
	(20,46,'Imen Es','1ère fois\r'),
	(20,47,'Drake','Toosie Slide\r'),
	(20,48,'Marc Lavoine','Chere amie\r'),
	(20,49,'Hoshi','Amour Censure\r'),
	(20,50,'The Ronettes','Be My Baby\r'),
	(21,1,'The Weeknd','Blinding Lights\r'),
	(21,2,'Doja Cat','Say So\r'),
	(21,3,'The Weeknd','In Your Eyes\r'),
	(21,4,'Tones and I','Dance Monkey\r'),
	(21,5,'Ariana Grande','Stuck With U\r'),
	(21,6,'Ily','Stats\r'),
	(21,7,'SAINt JHN','Roses\r'),
	(21,8,'-M-','Croîs au printemps\r'),
	(21,9,'Tusa','Stats\r'),
	(21,10,'Young T & Bugsey','Don\'t Rush\r'),
	(21,11,'Dua Lipa','Physical\r'),
	(21,12,'Jenifer','Comme c\'est bon\r'),
	(21,13,'Aldebert','Corona Minus, la chanson des gestes barrières pour l\'école\r'),
	(21,14,'Camélia Jordana','Facile\r'),
	(21,15,'Breaking Me','Stats\r'),
	(21,16,'Vianney','N\'attendons pas\r'),
	(21,17,'Katy Perry','Daisies\r'),
	(21,18,'6ix9ine','Gooba\r'),
	(21,19,'Benjamin Biolay','Comment est ta peine ?\r'),
	(21,20,'Kygo','Lose Somebody\r'),
	(21,21,'Hatik','Angela\r'),
	(21,22,'Et demain ? Le collectif','Et demain ?\r'),
	(21,23,'Soprano','Ninja\r'),
	(21,24,'Powfu','Death Bed\r'),
	(21,25,'Nea','Some Say\r'),
	(21,26,'I Love You','Stats\r'),
	(21,27,'Black Eyed Peas','Mamacita\r'),
	(21,28,'Booba','Jauné\r'),
	(21,29,'Lady Gaga','Stupid Love\r'),
	(21,30,'Soolking','Melegim\r'),
	(21,31,'Jonas Brothers','X\r'),
	(21,32,'Robin Schulz','In Your Eyes\r'),
	(21,33,'Vitaa','Avant toi\r'),
	(21,34,'Ava Max','Salt\r'),
	(21,35,'Gregory Porter','Revival\r'),
	(21,36,'Lewis Capaldi','Before You Go\r'),
	(21,37,'Lady Gaga','Shallow\r'),
	(21,38,'Curtis Mayfield','Move On Up\r'),
	(21,39,'Freya Ridings','Castles\r'),
	(21,40,'Regard','Ride It\r'),
	(21,41,'Master Kg','Jerusalem\r'),
	(21,42,'The Rolling Stones','Living In A Ghost Town\r'),
	(21,43,'Supalonely','Stats\r'),
	(21,44,'Soprano','A Nos Héros Du Quotidien\r'),
	(21,45,'Dua Lipa','Don\'t Start Now\r'),
	(21,46,'Israel Kamakawiwo\'ole','Over The Rainbow\r'),
	(21,47,'Imen Es','1ère fois\r'),
	(21,48,'Drake','Toosie Slide\r'),
	(21,49,'Vladimir Cauchemar','(G)rave\r'),
	(21,50,'Jul','Fait D\'or\r'),
	(22,1,'Indochine','Nos célébrations\r'),
	(22,2,'Lady Gaga','Rain On Me\r'),
	(22,3,'Agust D','Daechwita\r'),
	(22,4,'The Weeknd','Blinding Lights\r'),
	(22,5,'Candela','Stats\r'),
	(22,6,'Doja Cat','Say So\r'),
	(22,7,'Mory Kante','Yé ké yé ké\r'),
	(22,8,'The Weeknd','In Your Eyes\r'),
	(22,9,'Camélia Jordana','Facile\r'),
	(22,10,'SAINt JHN','Roses\r'),
	(22,11,'Tusa','Stats\r'),
	(22,12,'Agust D','Strange\r'),
	(22,13,'Agust D','Moonlight\r'),
	(22,14,'Agust D','What Do You Think?\r'),
	(22,15,'Burn It','Stats\r'),
	(22,16,'Agust D','People\r'),
	(22,17,'Hatik','Angela\r'),
	(22,18,'Black Eyed Peas','Mamacita\r'),
	(22,19,'28','Stats\r'),
	(22,20,'Tones and I','Dance Monkey\r'),
	(22,21,'Ily','Stats\r'),
	(22,22,'Dua Lipa','Physical\r'),
	(22,23,'Dear My Friend','Stats\r'),
	(22,24,'Ariana Grande','Stuck With U\r'),
	(22,25,'Agust D','Honsool\r'),
	(22,26,'Lady Gaga','Stupid Love\r'),
	(22,27,'Aldebert','Corona Minus, la chanson des gestes barrières pour l\'école\r'),
	(22,28,'Agust D','Interlude : Set Me Free\r'),
	(22,29,'Breaking Me','Stats\r'),
	(22,30,'Powfu','Death Bed\r'),
	(22,31,'Et demain ? Le collectif','Et demain ?\r'),
	(22,32,'Jenifer','Comme c\'est bon\r'),
	(22,33,'Criminel','Stats\r'),
	(22,34,'I Love You','Stats\r'),
	(22,35,'Young T & Bugsey','Don\'t Rush\r'),
	(22,36,'Curtis Mayfield','Move On Up\r'),
	(22,37,'Robin Schulz','In Your Eyes\r'),
	(22,38,'Marvin Gaye','Inner City Blues (make Me Wanna Holla)\r'),
	(22,39,'Soolking','Melegim\r'),
	(22,40,'Lady Gaga','Sour Candy\r'),
	(22,41,'Master Kg','Jerusalem\r'),
	(22,42,'Benjamin Biolay','Comment est ta peine ?\r'),
	(22,43,'Vianney','N\'attendons pas\r'),
	(22,44,'Soprano','Ninja\r'),
	(22,45,'Lewis Capaldi','Before You Go\r'),
	(22,46,'Vitaa','Avant toi\r'),
	(22,47,'Nea','Some Say\r'),
	(22,48,'Jul','Folie\r'),
	(22,49,'Ava Max','Salt\r'),
	(22,50,'Regard','Ride It\r'),
	(23,1,'Indochine','Nos célébrations\r'),
	(23,2,'The Weeknd','Blinding Lights\r'),
	(23,3,'The Weeknd','In Your Eyes\r'),
	(23,4,'Lady Gaga','Rain On Me\r'),
	(23,5,'SAINt JHN','Roses\r'),
	(23,6,'Ily','Stats\r'),
	(23,7,'Deluxe','Suite Et Fin\r'),
	(23,8,'Mr. Oizo','Pharmacist\r'),
	(23,9,'Doja Cat','Say So\r'),
	(23,10,'Hatik','Angela\r'),
	(23,11,'Breaking Me','Stats\r'),
	(23,12,'Tones and I','Dance Monkey\r'),
	(23,13,'Black Eyed Peas','Mamacita\r'),
	(23,14,'Lady Gaga','Stupid Love\r'),
	(23,15,'Dua Lipa','Physical\r'),
	(23,16,'Britney Spears','Mood Ring (by Demand)\r'),
	(23,17,'Lady Gaga','Sour Candy\r'),
	(23,18,'Powfu','Death Bed\r'),
	(23,19,'Tusa','Stats\r'),
	(23,20,'I Love You','Stats\r'),
	(23,21,'Jul','Folie\r'),
	(23,22,'Bob Sinclar','I\'m On My Way\r'),
	(23,23,'Master Kg','Jerusalem\r'),
	(23,24,'Ava Max','Kings & Queens\r'),
	(23,25,'Benjamin Biolay','Comment est ta peine ?\r'),
	(23,26,'Soprano','Ninja\r'),
	(23,27,'Nea','Some Say\r'),
	(23,28,'Robin Schulz','In Your Eyes\r'),
	(23,29,'Soolking','Melegim\r'),
	(23,30,'Camélia Jordana','Facile\r'),
	(23,31,'Ariana Grande','Stuck With U\r'),
	(23,32,'Jenifer','Comme c\'est bon\r'),
	(23,33,'Hoshi','Amour Censure\r'),
	(23,34,'Young T & Bugsey','Don\'t Rush\r'),
	(23,35,'Et demain ? Le collectif','Et demain ?\r'),
	(23,36,'Vitaa','Avant toi\r'),
	(23,37,'Lady Gaga','Shallow\r'),
	(23,38,'Supalonely','Stats\r'),
	(23,39,'Dua Lipa','Don\'t Start Now\r'),
	(23,40,'Regard','Ride It\r'),
	(23,41,'Vianney','N\'attendons pas\r'),
	(23,42,'Curtis Mayfield','Move On Up\r'),
	(23,43,'Lady Gaga','Alice\r'),
	(23,44,'Lewis Capaldi','Before You Go\r'),
	(23,45,'Aldebert','Corona Minus, la chanson des gestes barrières pour l\'école\r'),
	(23,46,'Tryo','Désolé pour hier soir XXV - Remix 2020\r'),
	(23,47,'Soprano','A Nos Héros Du Quotidien\r'),
	(23,48,'Ninho','Lettre À Une Femme\r'),
	(23,49,'DripReport','Skechers\r'),
	(23,50,'Freya Ridings','Castles\r'),
	(24,1,'Indochine','Nos célébrations\r'),
	(24,2,'The Weeknd','Blinding Lights\r'),
	(24,3,'The Weeknd','In Your Eyes\r'),
	(24,4,'Sheila','7Ème Continent\r'),
	(24,5,'Doja Cat','Say So\r'),
	(24,6,'Hatik','Angela\r'),
	(24,7,'Bosh','Djomb\r'),
	(24,8,'Ily','Stats\r'),
	(24,9,'Breaking Me','Stats\r'),
	(24,10,'SAINt JHN','Roses\r'),
	(24,11,'Lady Gaga','Rain On Me\r'),
	(24,12,'Dua Lipa','Physical\r'),
	(24,13,'Ava Max','Kings & Queens\r'),
	(24,14,'Tones and I','Dance Monkey\r'),
	(24,15,'Master Kg','Jerusalem\r'),
	(24,16,'Black Eyed Peas','Mamacita\r'),
	(24,17,'Hoshi','Amour Censure\r'),
	(24,18,'Tusa','Stats\r'),
	(24,19,'Powfu','Death Bed\r'),
	(24,20,'Jul','Folie\r'),
	(24,21,'I Love You','Stats\r'),
	(24,22,'Camélia Jordana','Facile\r'),
	(24,23,'Soolking','Melegim\r'),
	(24,24,'Benjamin Biolay','Comment est ta peine ?\r'),
	(24,25,'Lady Gaga','Stupid Love\r'),
	(24,26,'Robin Schulz','In Your Eyes\r'),
	(24,27,'Nea','Some Say\r'),
	(24,28,'Curtis Mayfield','Move On Up\r'),
	(24,29,'Vitaa','Avant toi\r'),
	(24,30,'Soprano','Ninja\r'),
	(24,31,'Vianney','N\'attendons pas\r'),
	(24,32,'Lewis Capaldi','Before You Go\r'),
	(24,33,'Young T & Bugsey','Don\'t Rush\r'),
	(24,34,'Ariana Grande','Stuck With U\r'),
	(24,35,'Wejdene','Anissa\r'),
	(24,36,'Stevie Wonder','Free\r'),
	(24,37,'Amir','La fête\r'),
	(24,38,'Et demain ? Le collectif','Et demain ?\r'),
	(24,39,'Keen\'v','Tahiti\r'),
	(24,40,'Dua Lipa','Don\'t Start Now\r'),
	(24,41,'Lady Gaga','Shallow\r'),
	(24,42,'Freya Ridings','Castles\r'),
	(24,43,'Ava Max','Salt\r'),
	(24,44,'The Quantic Soul Orchestra','Feeling Good\r'),
	(24,45,'Imen Es','1ère fois\r'),
	(24,46,'DripReport','Skechers\r'),
	(24,47,'Supalonely','Stats\r'),
	(24,48,'Regard','Ride It\r'),
	(24,49,'Kendji Girac','Habibi\r'),
	(24,50,'Tryo','Désolé pour hier soir XXV - Remix 2020\r'),
	(25,1,'Kendji Girac','Habibi\r'),
	(25,2,'Indochine','Nos célébrations\r'),
	(25,3,'Bosh','Djomb\r'),
	(25,4,'The Weeknd','In Your Eyes\r'),
	(25,5,'The Weeknd','Blinding Lights\r'),
	(25,6,'Ryan Paris','Dolce vita\r'),
	(25,7,'Trollz','Stats\r'),
	(25,8,'Hatik','Angela\r'),
	(25,9,'Breaking Me','Stats\r'),
	(25,10,'Benjamin Biolay','Comment est ta peine ?\r'),
	(25,11,'Master Kg','Jerusalem\r'),
	(25,12,'Black Eyed Peas','Mamacita\r'),
	(25,13,'Doja Cat','Say So\r'),
	(25,14,'Camélia Jordana','Facile\r'),
	(25,15,'Hoshi','Amour Censure\r'),
	(25,16,'Dua Lipa','Physical\r'),
	(25,17,'SAINt JHN','Roses\r'),
	(25,18,'Ava Max','Kings & Queens\r'),
	(25,19,'I Love You','Stats\r'),
	(25,20,'Et demain ? Le collectif','Et demain ?\r'),
	(25,21,'Ily','Stats\r'),
	(25,22,'Amir','La fête\r'),
	(25,23,'Vitaa','Avant toi\r'),
	(25,24,'Amel Bent','Jusqu\'au bout\r'),
	(25,25,'Soolking','Melegim\r'),
	(25,26,'Tones and I','Dance Monkey\r'),
	(25,27,'Vianney','N\'attendons pas\r'),
	(25,28,'Robin Schulz','In Your Eyes\r'),
	(25,29,'Powfu','Death Bed\r'),
	(25,30,'Wejdene','Anissa\r'),
	(25,31,'Tusa','Stats\r'),
	(25,32,'Clara Luciani','La grenade\r'),
	(25,33,'Keen\'v','Tahiti\r'),
	(25,34,'Lady Gaga','Rain On Me\r'),
	(25,35,'Lovely','Stats\r'),
	(25,36,'Clara Luciani','Ma sœur\r'),
	(25,37,'Michele Morrone','Hard For Me\r'),
	(25,38,'Head Shoulders Knees & Toes','Stats\r'),
	(25,39,'Imen Es','1ère fois\r'),
	(25,40,'Dadju','Bobo Au Coeur\r'),
	(25,41,'Tryo','Désolé pour hier soir XXV - Remix 2020\r'),
	(25,42,'Soprano','Ninja\r'),
	(25,43,'Kendji Girac','Les yeux de la mama\r'),
	(25,44,'El Capon','Shut up Chicken\r'),
	(25,45,'Jul','Folie\r'),
	(25,46,'Jawsh 685','Savage Love (Laxed - Siren Beat)\r'),
	(25,47,'Lady Gaga','Stupid Love\r'),
	(25,48,'Pas Beaux','Stats\r'),
	(25,49,'Maître Gims','Malheur, Malheur\r'),
	(25,50,'Nea','Some Say\r'),
	(26,1,'Grand Corps Malade','Mais je t\'aime\r'),
	(26,2,'Black Eyed Peas','Mamacita\r'),
	(26,3,'Bosh','Djomb\r'),
	(26,4,'Benjamin Biolay','Comment est ta peine ?\r'),
	(26,5,'Master KG','Jerusalema\r'),
	(26,6,'Ryan Paris','Dolce vita\r'),
	(26,7,'The Weeknd','In Your Eyes\r'),
	(26,8,'The Weeknd','Blinding Lights\r'),
	(26,9,'Hatik','Angela\r'),
	(26,10,'Camélia Jordana','Facile\r'),
	(26,11,'Kendji Girac','Habibi\r'),
	(26,12,'Breaking Me','Stats\r'),
	(26,13,'Indochine','Nos célébrations\r'),
	(26,14,'Doja Cat','Say So\r'),
	(26,15,'Ily','Stats\r'),
	(26,16,'Ava Max','Kings & Queens\r'),
	(26,17,'Dua Lipa','Physical\r'),
	(26,18,'BTS','Stay Gold\r'),
	(26,19,'Wejdene','Anissa\r'),
	(26,20,'Hoshi','Amour Censure\r'),
	(26,21,'Tayc','N\'y pense plus\r'),
	(26,22,'SAINt JHN','Roses\r'),
	(26,23,'Tones and I','Dance Monkey\r'),
	(26,24,'I Love You','Stats\r'),
	(26,25,'Powfu','Death Bed\r'),
	(26,26,'Amir','La fête\r'),
	(26,27,'Hélène Ségara','Plus jamais\r'),
	(26,28,'Dadju','Grand Bain\r'),
	(26,29,'Head Shoulders Knees & Toes','Stats\r'),
	(26,30,'Keen\'v','Tahiti\r'),
	(26,31,'Tusa','Stats\r'),
	(26,32,'Fally Ipupa','Allô téléphone\r'),
	(26,33,'Soolking','Melegim\r'),
	(26,34,'Gilbert Bécaud','Je Reviens Te Chercher\r'),
	(26,35,'Robin Schulz','In Your Eyes\r'),
	(26,36,'Beyoncé','BLACK PARADE\r'),
	(26,37,'Vianney','N\'attendons pas\r'),
	(26,38,'Vitaa','Avant toi\r'),
	(26,39,'Banana','Stats\r'),
	(26,40,'Que Ça Dure','Stats\r'),
	(26,41,'Jawsh 685','Savage Love (Laxed - Siren Beat)\r'),
	(26,42,'Jean-Baptiste Guegan','Tu es toujours là\r'),
	(26,43,'M. Pokora','Danse avec moi\r'),
	(26,44,'Lady Gaga','Rain On Me\r'),
	(26,45,'Nea','Some Say\r'),
	(26,46,'Astronomia','Stats\r'),
	(26,47,'Soprano','Ninja\r'),
	(26,48,'Jul','Folie\r'),
	(26,49,'Black Eyed Peas','RITMO (Bad Boys For Life)\r'),
	(26,50,'Boulevard Des Airs','Emmène moi\r'),
	(27,1,'Grand Corps Malade','Mais je t\'aime\r'),
	(27,2,'Benjamin Biolay','Comment est ta peine ?\r'),
	(27,3,'Julien Doré','La fièvre\r'),
	(27,4,'Black Eyed Peas','Mamacita\r'),
	(27,5,'Master KG','Jerusalema\r'),
	(27,6,'The Weeknd','Blinding Lights\r'),
	(27,7,'Hatik','Angela\r'),
	(27,8,'The Weeknd','In Your Eyes\r'),
	(27,9,'Bosh','Djomb\r'),
	(27,10,'BLACKPINK','How You Like That\r'),
	(27,11,'Camélia Jordana','Facile\r'),
	(27,12,'Breaking Me','Stats\r'),
	(27,13,'Indochine','Nos célébrations\r'),
	(27,14,'Gilbert Bécaud','Je Reviens Te Chercher\r'),
	(27,15,'Ryan Paris','Dolce vita\r'),
	(27,16,'Ava Max','Kings & Queens\r'),
	(27,17,'Dua Lipa','Physical\r'),
	(27,18,'Astronomia','Stats\r'),
	(27,19,'Keen\'v','Tahiti\r'),
	(27,20,'Ily','Stats\r'),
	(27,21,'Kendji Girac','Habibi\r'),
	(27,22,'Doja Cat','Say So\r'),
	(27,23,'Wejdene','Anissa\r'),
	(27,24,'Tones and I','Dance Monkey\r'),
	(27,25,'I Love You','Stats\r'),
	(27,26,'Jawsh 685','Savage Love (Laxed - Siren Beat)\r'),
	(27,27,'Tusa','Stats\r'),
	(27,28,'SAINt JHN','Roses\r'),
	(27,29,'Head Shoulders Knees & Toes','Stats\r'),
	(27,30,'Hoshi','Amour Censure\r'),
	(27,31,'Powfu','Death Bed\r'),
	(27,32,'Robin Schulz','In Your Eyes\r'),
	(27,33,'Soprano','Ninja\r'),
	(27,34,'M. Pokora','Danse avec moi\r'),
	(27,35,'Rockstar','Stats\r'),
	(27,36,'Lady Gaga','Rain On Me\r'),
	(27,37,'Soolking','Melegim\r'),
	(27,38,'Dadju','Grand Bain\r'),
	(27,39,'Vitaa','Avant toi\r'),
	(27,40,'Flo Delavega','Printemps éternel\r'),
	(27,41,'Vianney','N\'attendons pas\r'),
	(27,42,'Maître Gims','Malheur, Malheur\r'),
	(27,43,'Amir','La fête\r'),
	(27,44,'Britney Spears','Mood Ring (by Demand)\r'),
	(27,45,'Nea','Some Say\r'),
	(27,46,'Banana','Stats\r'),
	(27,47,'Imen Es','1ère fois\r'),
	(27,48,'Regard','Ride It\r'),
	(27,49,'Mylène Farmer','Devant soi\r'),
	(27,50,'Tayc','N\'y pense plus\r'),
	(28,1,'Grand Corps Malade','Mais je t\'aime\r'),
	(28,2,'Master KG','Jerusalema\r'),
	(28,3,'Benjamin Biolay','Comment est ta peine ?\r'),
	(28,4,'Grand Corps Malade','Mesdames\r'),
	(28,5,'Indochine','Nos célébrations\r'),
	(28,6,'The Weeknd','Blinding Lights\r'),
	(28,7,'Black Eyed Peas','Mamacita\r'),
	(28,8,'Hatik','Angela\r'),
	(28,9,'Louane','Donne-moi ton Cœur\r'),
	(28,10,'Ava Max','Kings & Queens\r'),
	(28,11,'The Weeknd','In Your Eyes\r'),
	(28,12,'Breaking Me','Stats\r'),
	(28,13,'Kendji Girac','Habibi\r'),
	(28,14,'Camélia Jordana','Facile\r'),
	(28,15,'Bosh','Djomb\r'),
	(28,16,'Étienne Daho','Comateens Vs. Etienne Daho / Exclu Fnac\r'),
	(28,17,'Reality','Stats\r'),
	(28,18,'Keen\'v','Tahiti\r'),
	(28,19,'Jawsh 685','Savage Love (Laxed - Siren Beat)\r'),
	(28,20,'Julien Doré','La fièvre\r'),
	(28,21,'Doja Cat','Say So\r'),
	(28,22,'Dua Lipa','Physical\r'),
	(28,23,'Wejdene','Anissa\r'),
	(28,24,'Ily','Stats\r'),
	(28,25,'Head Shoulders Knees & Toes','Stats\r'),
	(28,26,'I Love You','Stats\r'),
	(28,27,'Tones and I','Dance Monkey\r'),
	(28,28,'Kaaris','Goulag\r'),
	(28,29,'Astronomia','Stats\r'),
	(28,30,'Gilbert Bécaud','Je Reviens Te Chercher\r'),
	(28,31,'Robin Schulz','Alane\r'),
	(28,32,'Polo & Pan','Feel Good\r'),
	(28,33,'Tusa','Stats\r'),
	(28,34,'Amel Bent','Jusqu\'au bout\r'),
	(28,35,'SAINt JHN','Roses\r'),
	(28,36,'Dua Lipa','Break My Heart\r'),
	(28,37,'Rockstar','Stats\r'),
	(28,38,'Powfu','Death Bed\r'),
	(28,39,'Soprano','Ninja\r'),
	(28,40,'Robin Schulz','In Your Eyes\r'),
	(28,41,'Tayc','N\'y pense plus\r'),
	(28,42,'Amir','La fête\r'),
	(28,43,'Hoshi','Amour Censure\r'),
	(28,44,'Dadju','Grand Bain\r'),
	(28,45,'Banana','Stats\r'),
	(28,46,'Island','Stats\r'),
	(28,47,'Nea','Some Say\r'),
	(28,48,'Soolking','Melegim\r'),
	(28,49,'Vitaa','Avant toi\r'),
	(28,50,'Eva','Chelou\r'),
	(29,1,'Master KG','Jerusalema\r'),
	(29,2,'Indochine','Nos célébrations\r'),
	(29,3,'Grand Corps Malade','Mais je t\'aime\r'),
	(29,4,'Black Eyed Peas','Mamacita\r'),
	(29,5,'The Weeknd','Blinding Lights\r'),
	(29,6,'Ava Max','Kings & Queens\r'),
	(29,7,'The Weeknd','In Your Eyes\r'),
	(29,8,'Hatik','Angela\r'),
	(29,9,'Bosh','Djomb\r'),
	(29,10,'Benjamin Biolay','Comment est ta peine ?\r'),
	(29,11,'Camélia Jordana','Facile\r'),
	(29,12,'Keen\'v','Tahiti\r'),
	(29,13,'Ily','Stats\r'),
	(29,14,'Breaking Me','Stats\r'),
	(29,15,'Jawsh 685','Savage Love (Laxed - Siren Beat)\r'),
	(29,16,'Robin Schulz','Alane\r'),
	(29,17,'Bts','Your Eyes Tell\r'),
	(29,18,'Booba','Dolce Vita\r'),
	(29,19,'Dua Lipa','Physical\r'),
	(29,20,'Doja Cat','Say So\r'),
	(29,21,'Head Shoulders Knees & Toes','Stats\r'),
	(29,22,'Tones and I','Dance Monkey\r'),
	(29,23,'Banana','Stats\r'),
	(29,24,'Mylène Farmer','Comme j\'ai mal\r'),
	(29,25,'Mylène Farmer','Tristana\r'),
	(29,26,'Julien Doré','La fièvre\r'),
	(29,27,'I Love You','Stats\r'),
	(29,28,'Calogero','La rumeur\r'),
	(29,29,'Astronomia','Stats\r'),
	(29,30,'Wejdene','Anissa\r'),
	(29,31,'Louane','Donne-moi ton Cœur\r'),
	(29,32,'Kendji Girac','Habibi\r'),
	(29,33,'Grand Corps Malade','Mesdames\r'),
	(29,34,'Tusa','Stats\r'),
	(29,35,'Tayc','N\'y pense plus\r'),
	(29,36,'Soprano','Ninja\r'),
	(29,37,'Mylène Farmer','Plus Grandir\r'),
	(29,38,'Depeche Mode','Violator - The 12\r'),
	(29,39,'Mylène Farmer','Sans logique\r'),
	(29,40,'Trois Cafés Gourmands','On t\'emmène\r'),
	(29,41,'Powfu','Death Bed\r'),
	(29,42,'SAINt JHN','Roses\r'),
	(29,43,'Robin Schulz','In Your Eyes\r'),
	(29,44,'Amir','La fête\r'),
	(29,45,'La Meilleure','Stats\r'),
	(29,46,'Mylène Farmer','Que mon coeur lâche\r'),
	(29,47,'Amel Bent','Jusqu\'au bout\r'),
	(29,48,'BTS','Moon\r'),
	(29,49,'Mylène Farmer','Pourvu qu\'elles soient douces\r'),
	(29,50,'Dadju','Grand Bain\r'),
	(30,1,'Master KG','Jerusalema\r'),
	(30,2,'Aya Nakamura','Jolie nana\r'),
	(30,3,'Indochine','Nos célébrations\r'),
	(30,4,'Grand Corps Malade','Mais je t\'aime\r'),
	(30,5,'Jawsh 685','Savage Love (Laxed - Siren Beat)\r'),
	(30,6,'Keen\'v','Tahiti\r'),
	(30,7,'The Weeknd','In Your Eyes\r'),
	(30,8,'Black Eyed Peas','Mamacita\r'),
	(30,9,'Joy Division','Love Will Tear Us Apart\r'),
	(30,10,'Joy Division','Atmosphere\r'),
	(30,11,'The Weeknd','Blinding Lights\r'),
	(30,12,'Hatik','Angela\r'),
	(30,13,'Breaking Me','Stats\r'),
	(30,14,'Robin Schulz','Alane\r'),
	(30,15,'Ava Max','Kings & Queens\r'),
	(30,16,'Joy Division','Transmission\r'),
	(30,17,'Camélia Jordana','Facile\r'),
	(30,18,'Benjamin Biolay','Comment est ta peine ?\r'),
	(30,19,'Bosh','Djomb\r'),
	(30,20,'Doja Cat','Say So\r'),
	(30,21,'Julien Doré','La fièvre\r'),
	(30,22,'Ily','Stats\r'),
	(30,23,'Tayc','N\'y pense plus\r'),
	(30,24,'Amir','La fête\r'),
	(30,25,'Tones and I','Dance Monkey\r'),
	(30,26,'Booba','Dolce Vita\r'),
	(30,27,'Banana','Stats\r'),
	(30,28,'Louane','Donne-moi ton Cœur\r'),
	(30,29,'SAINt JHN','Roses\r'),
	(30,30,'Wejdene','Anissa\r'),
	(30,31,'Head Shoulders Knees & Toes','Stats\r'),
	(30,32,'I Love You','Stats\r'),
	(30,33,'Dua Lipa','Physical\r'),
	(30,34,'Kygo','What\'s Love Got To Do With It\r'),
	(30,35,'Kendji Girac','Habibi\r'),
	(30,36,'La Meilleure','Stats\r'),
	(30,37,'Astronomia','Stats\r'),
	(30,38,'Depeche Mode','Violator - The 12\r'),
	(30,39,'Amel Bent','Jusqu\'au bout\r'),
	(30,40,'Grand Corps Malade','Mesdames\r'),
	(30,41,'Tusa','Stats\r'),
	(30,42,'Mylène Farmer','Comme j\'ai mal\r'),
	(30,43,'Lady Gaga','Rain On Me\r'),
	(30,44,'House Of Pain','Jump Around\r'),
	(30,45,'Kill Me Slow','Stats\r'),
	(30,46,'Powfu','Death Bed\r'),
	(30,47,'Dua Lipa','Break My Heart\r'),
	(30,48,'Jean-Jacques Goldman','Puisque tu pars\r'),
	(30,49,'Dadju','Grand Bain\r'),
	(30,50,'Rockstar','Stats\r'),
	(31,1,'Master KG','Jerusalema\r'),
	(31,2,'Julien Doré','La fièvre\r'),
	(31,3,'Jawsh 685','Savage Love (Laxed - Siren Beat)\r'),
	(31,4,'Aya Nakamura','Jolie nana\r'),
	(31,5,'Grand Corps Malade','Mais je t\'aime\r'),
	(31,6,'Indochine','Nos célébrations\r'),
	(31,7,'The Weeknd','In Your Eyes\r'),
	(31,8,'Robin Schulz','Alane\r'),
	(31,9,'Black Eyed Peas','Mamacita\r'),
	(31,10,'Benjamin Biolay','Comment est ta peine ?\r'),
	(31,11,'Keen\'v','Tahiti\r'),
	(31,12,'Ava Max','Kings & Queens\r'),
	(31,13,'The Weeknd','Blinding Lights\r'),
	(31,14,'Hatik','Angela\r'),
	(31,15,'Camélia Jordana','Facile\r'),
	(31,16,'Breaking Me','Stats\r'),
	(31,17,'Ily','Stats\r'),
	(31,18,'Banana','Stats\r'),
	(31,19,'Bosh','Djomb\r'),
	(31,20,'Head Shoulders Knees & Toes','Stats\r'),
	(31,21,'Mylène Farmer','Pourvu qu\'elles soient douces\r'),
	(31,22,'Tones and I','Dance Monkey\r'),
	(31,23,'Tayc','N\'y pense plus\r'),
	(31,24,'Dua Lipa','Physical\r'),
	(31,25,'Wejdene','Anissa\r'),
	(31,26,'I Love You','Stats\r'),
	(31,27,'Little Mix','Holiday\r'),
	(31,28,'Astronomia','Stats\r'),
	(31,29,'SAINt JHN','Roses\r'),
	(31,30,'Amel Bent','Jusqu\'au bout\r'),
	(31,31,'Louane','Donne-moi ton Cœur\r'),
	(31,32,'Doja Cat','Say So\r'),
	(31,33,'Kill Me Slow','Stats\r'),
	(31,34,'Amir','La fête\r'),
	(31,35,'Kendji Girac','Habibi\r'),
	(31,36,'Control','Stats\r'),
	(31,37,'Dua Lipa','Break My Heart\r'),
	(31,38,'Kylie Minogue','Say Something\r'),
	(31,39,'Tusa','Stats\r'),
	(31,40,'Powfu','Death Bed\r'),
	(31,41,'La Meilleure','Stats\r'),
	(31,42,'Dadju','Grand Bain\r'),
	(31,43,'The Sound Of Silence','Stats\r'),
	(31,44,'Booba','Dolce Vita\r'),
	(31,45,'Grand Corps Malade','Mesdames\r'),
	(31,46,'Taylor Swift','Cardigan\r'),
	(31,47,'Rockstar','Stats\r'),
	(31,48,'Reality','Stats\r'),
	(31,49,'Nea','Some Say\r'),
	(31,50,'Summer Wine','Stats\r'),
	(32,1,'Master KG','Jerusalema\r'),
	(32,2,'Woodkid','Goliath\r'),
	(32,3,'Jawsh 685','Savage Love (Laxed - Siren Beat)\r'),
	(32,4,'Grand Corps Malade','Mais je t\'aime\r'),
	(32,5,'Aya Nakamura','Jolie nana\r'),
	(32,6,'Indochine','Nos célébrations\r'),
	(32,7,'Robin Schulz','Alane\r'),
	(32,8,'The Weeknd','In Your Eyes\r'),
	(32,9,'Black Eyed Peas','Mamacita\r'),
	(32,10,'The Weeknd','Blinding Lights\r'),
	(32,11,'Ava Max','Kings & Queens\r'),
	(32,12,'Benjamin Biolay','Comment est ta peine ?\r'),
	(32,13,'Tayc','N\'y pense plus\r'),
	(32,14,'Keen\'v','Tahiti\r'),
	(32,15,'Camélia Jordana','Facile\r'),
	(32,16,'Banana','Stats\r'),
	(32,17,'Hatik','Angela\r'),
	(32,18,'Head Shoulders Knees & Toes','Stats\r'),
	(32,19,'Julien Doré','La fièvre\r'),
	(32,20,'Billie Eilish','my future\r'),
	(32,21,'BTS','Filter\r'),
	(32,22,'Ily','Stats\r'),
	(32,23,'Breaking Me','Stats\r'),
	(32,24,'Doja Cat','Say So\r'),
	(32,25,'Bosh','Djomb\r'),
	(32,26,'Tones and I','Dance Monkey\r'),
	(32,27,'Amir','La fête\r'),
	(32,28,'Wejdene','Anissa\r'),
	(32,29,'Bilal Hassani','Dead Bae\r'),
	(32,30,'Dadju','Grand Bain\r'),
	(32,31,'Dua Lipa','Physical\r'),
	(32,32,'Amel Bent','Jusqu\'au bout\r'),
	(32,33,'I Love You','Stats\r'),
	(32,34,'Kaaris','NRV\r'),
	(32,35,'Astronomia','Stats\r'),
	(32,36,'Louane','Donne-moi ton Cœur\r'),
	(32,37,'Grand Corps Malade','Mesdames\r'),
	(32,38,'Dua Lipa','Break My Heart\r'),
	(32,39,'Kill Me Slow','Stats\r'),
	(32,40,'Kendji Girac','Habibi\r'),
	(32,41,'SAINt JHN','Roses\r'),
	(32,42,'Control','Stats\r'),
	(32,43,'Ava Max','Who\'s Laughing Now\r'),
	(32,44,'Powfu','Death Bed\r'),
	(32,45,'La Meilleure','Stats\r'),
	(32,46,'Summer Wine','Stats\r'),
	(32,47,'Trois Cafés Gourmands','On t\'emmène\r'),
	(32,48,'Tusa','Stats\r'),
	(32,49,'Beyoncé','Already\r'),
	(32,50,'Daniela Andrade','Crazy\r'),
	(33,1,'Master KG','Jerusalema\r'),
	(33,2,'Jawsh 685','Savage Love (Laxed - Siren Beat)\r'),
	(33,3,'Grand Corps Malade','Mais je t\'aime\r'),
	(33,4,'Indochine','Nos célébrations\r'),
	(33,5,'Aya Nakamura','Jolie nana\r'),
	(33,6,'Robin Schulz','Alane\r'),
	(33,7,'The Weeknd','In Your Eyes\r'),
	(33,8,'Black Eyed Peas','Mamacita\r'),
	(33,9,'The Weeknd','Blinding Lights\r'),
	(33,10,'Ava Max','Kings & Queens\r'),
	(33,11,'Benjamin Biolay','Comment est ta peine ?\r'),
	(33,12,'Tayc','N\'y pense plus\r'),
	(33,13,'Julien Doré','La fièvre\r'),
	(33,14,'Camélia Jordana','Facile\r'),
	(33,15,'Keen\'v','Tahiti\r'),
	(33,16,'Banana','Stats\r'),
	(33,17,'Head Shoulders Knees & Toes','Stats\r'),
	(33,18,'Hatik','Angela\r'),
	(33,19,'BTS','Inner Child\r'),
	(33,20,'Dua Lipa','Physical\r'),
	(33,21,'Breaking Me','Stats\r'),
	(33,22,'Dua Lipa','Break My Heart\r'),
	(33,23,'Bosh','Djomb\r'),
	(33,24,'Wap','Stats\r'),
	(33,25,'Ily','Stats\r'),
	(33,26,'Control','Stats\r'),
	(33,27,'Louane','Donne-moi ton Cœur\r'),
	(33,28,'Kygo','What\'s Love Got To Do With It\r'),
	(33,29,'SAINt JHN','Roses\r'),
	(33,30,'Doja Cat','Say So\r'),
	(33,31,'Astronomia','Stats\r'),
	(33,32,'Wejdene','Anissa\r'),
	(33,33,'Amel Bent','Jusqu\'au bout\r'),
	(33,34,'I Love You','Stats\r'),
	(33,35,'Tones and I','Dance Monkey\r'),
	(33,36,'Amir','La fête\r'),
	(33,37,'Grand Corps Malade','Mesdames\r'),
	(33,38,'Powfu','Death Bed\r'),
	(33,39,'Dadju','Grand Bain\r'),
	(33,40,'Kendji Girac','Habibi\r'),
	(33,41,'Tusa','Stats\r'),
	(33,42,'La Meilleure','Stats\r'),
	(33,43,'Maître Gims','Malheur, Malheur\r'),
	(33,44,'Hypnotized','Stats\r'),
	(33,45,'Trois Cafés Gourmands','On t\'emmène\r'),
	(33,46,'Alliel','Encore\r'),
	(33,47,'Tom Gregory','Fingertips\r'),
	(33,48,'Nea','Some Say\r'),
	(33,49,'Claudio Capéo','C\'est une chanson\r'),
	(33,50,'Harry Styles','Watermelon Sugar\r'),
	(34,1,'Master KG','Jerusalema\r'),
	(34,2,'Jawsh 685','Savage Love (Laxed - Siren Beat)\r'),
	(34,3,'Grand Corps Malade','Mais je t\'aime\r'),
	(34,4,'Indochine','Nos célébrations\r'),
	(34,5,'Bande Organisée','Stats\r'),
	(34,6,'Miley Cyrus','Midnight Sky\r'),
	(34,7,'Robin Schulz','Alane\r'),
	(34,8,'Aya Nakamura','Jolie nana\r'),
	(34,9,'Ava Max','Kings & Queens\r'),
	(34,10,'Camélia Jordana','Facile\r'),
	(34,11,'The Weeknd','In Your Eyes\r'),
	(34,12,'BTS','My Time\r'),
	(34,13,'Black Eyed Peas','Mamacita\r'),
	(34,14,'Head Shoulders Knees & Toes','Stats\r'),
	(34,15,'Benjamin Biolay','Comment est ta peine ?\r'),
	(34,16,'The Weeknd','Blinding Lights\r'),
	(34,17,'Ça Ira','Stats\r'),
	(34,18,'Julien Doré','La fièvre\r'),
	(34,19,'Tayc','N\'y pense plus\r'),
	(34,20,'Banana','Stats\r'),
	(34,21,'Keen\'v','Tahiti\r'),
	(34,22,'Dua Lipa','Levitating\r'),
	(34,23,'Hatik','Angela\r'),
	(34,24,'Breaking Me','Stats\r'),
	(34,25,'Ily','Stats\r'),
	(34,26,'Louane','Donne-moi ton Cœur\r'),
	(34,27,'Wejdene','Anissa\r'),
	(34,28,'Bosh','Djomb\r'),
	(34,29,'Dua Lipa','Break My Heart\r'),
	(34,30,'Amel Bent','Jusqu\'au bout\r'),
	(34,31,'Grand Corps Malade','Mesdames\r'),
	(34,32,'Tones and I','Dance Monkey\r'),
	(34,33,'Dua Lipa','Physical\r'),
	(34,34,'Laugh Now Cry Later','Stats\r'),
	(34,35,'I Love You','Stats\r'),
	(34,36,'Astronomia','Stats\r'),
	(34,37,'Doja Cat','Say So\r'),
	(34,38,'SAINt JHN','Roses\r'),
	(34,39,'Amir','La fête\r'),
	(34,40,'Kygo','What\'s Love Got To Do With It\r'),
	(34,41,'Dadju','Grand Bain\r'),
	(34,42,'Control','Stats\r'),
	(34,43,'Wap','Stats\r'),
	(34,44,'Kylie Minogue','Say Something\r'),
	(34,45,'Wejdene','Coco\r'),
	(34,46,'Kendji Girac','Habibi\r'),
	(34,47,'Harry Styles','Watermelon Sugar\r'),
	(34,48,'Alliel','Encore\r'),
	(34,49,'La Meilleure','Stats\r'),
	(34,50,'Vitaa','Avant toi\r'),
	(35,1,'BTS','Dynamite\r'),
	(35,2,'Master KG','Jerusalema\r'),
	(35,3,'Jawsh 685','Savage Love (Laxed - Siren Beat)\r'),
	(35,4,'Grand Corps Malade','Mais je t\'aime\r'),
	(35,5,'Bande Organisée','Stats\r'),
	(35,6,'Woodkid','Pale Yellow\r'),
	(35,7,'Indochine','Nos célébrations\r'),
	(35,8,'Vianney','beau-papa\r'),
	(35,9,'The Weeknd','In Your Eyes\r'),
	(35,10,'Robin Schulz','Alane\r'),
	(35,11,'Head Shoulders Knees & Toes','Stats\r'),
	(35,12,'Aya Nakamura','Jolie nana\r'),
	(35,13,'Ava Max','Kings & Queens\r'),
	(35,14,'Camélia Jordana','Facile\r'),
	(35,15,'The Weeknd','Blinding Lights\r'),
	(35,16,'Amel Bent','Jusqu\'au bout\r'),
	(35,17,'Tayc','N\'y pense plus\r'),
	(35,18,'Benjamin Biolay','Comment est ta peine ?\r'),
	(35,19,'Black Eyed Peas','Mamacita\r'),
	(35,20,'Julien Doré','La fièvre\r'),
	(35,21,'Wejdene','Coco\r'),
	(35,22,'Keen\'v','Tahiti\r'),
	(35,23,'Control','Stats\r'),
	(35,24,'Dua Lipa','Break My Heart\r'),
	(35,25,'Breaking Me','Stats\r'),
	(35,26,'Banana','Stats\r'),
	(35,27,'Bosh','Djomb\r'),
	(35,28,'Astronomia','Stats\r'),
	(35,29,'Ily','Stats\r'),
	(35,30,'Kendji Girac','Habibi\r'),
	(35,31,'London Grammar','Baby It\'s You\r'),
	(35,32,'Dua Lipa','Physical\r'),
	(35,33,'Louane','Donne-moi ton Cœur\r'),
	(35,34,'Harry Styles','Watermelon Sugar\r'),
	(35,35,'Hatik','Angela\r'),
	(35,36,'Amir','La fête\r'),
	(35,37,'Tones and I','Dance Monkey\r'),
	(35,38,'Wejdene','Anissa\r'),
	(35,39,'I Love You','Stats\r'),
	(35,40,'Grand Corps Malade','Mesdames\r'),
	(35,41,'Radiohead','Creep\r'),
	(35,42,'Julien Doré','Barracuda II\r'),
	(35,43,'Kygo','What\'s Love Got To Do With It\r'),
	(35,44,'Dadju','Grand Bain\r'),
	(35,45,'Doja Cat','Say So\r'),
	(35,46,'SAINt JHN','Roses\r'),
	(35,47,'Clean Bandit','Tick Tock\r'),
	(35,48,'Save The Day','Stats\r'),
	(35,49,'Hypnotized','Stats\r'),
	(35,50,'Tom Gregory','Fingertips\r'),
	(36,1,'Master KG','Jerusalema\r'),
	(36,2,'BTS','Dynamite\r'),
	(36,3,'Jawsh 685','Savage Love (Laxed - Siren Beat)\r'),
	(36,4,'Bande Organisée','Stats\r'),
	(36,5,'Indochine','Nos célébrations\r'),
	(36,6,'Grand Corps Malade','Mais je t\'aime\r'),
	(36,7,'The Weeknd','In Your Eyes\r'),
	(36,8,'Robin Schulz','Alane\r'),
	(36,9,'Tayc','N\'y pense plus\r'),
	(36,10,'Ice Cream','Stats\r'),
	(36,11,'Head Shoulders Knees & Toes','Stats\r'),
	(36,12,'Julien Doré','La fièvre\r'),
	(36,13,'Kendji Girac','Dernier métro\r'),
	(36,14,'The Weeknd','Blinding Lights\r'),
	(36,15,'Benjamin Biolay','Comment est ta peine ?\r'),
	(36,16,'Camélia Jordana','Facile\r'),
	(36,17,'Ava Max','Kings & Queens\r'),
	(36,18,'Aya Nakamura','Jolie nana\r'),
	(36,19,'Calogero','Les feux d\'artifice\r'),
	(36,20,'Control','Stats\r'),
	(36,21,'Wejdene','Coco\r'),
	(36,22,'Keen\'v','Tahiti\r'),
	(36,23,'Amel Bent','Jusqu\'au bout\r'),
	(36,24,'Julien Doré','Barracuda I\r'),
	(36,25,'Black Eyed Peas','Mamacita\r'),
	(36,26,'Breaking Me','Stats\r'),
	(36,27,'Wap','Stats\r'),
	(36,28,'Hatik','Angela\r'),
	(36,29,'Harry Styles','Watermelon Sugar\r'),
	(36,30,'Hypnotized','Stats\r'),
	(36,31,'Amir','La fête\r'),
	(36,32,'Banana','Stats\r'),
	(36,33,'Louane','Donne-moi ton Cœur\r'),
	(36,34,'Dua Lipa','Physical\r'),
	(36,35,'Wejdene','Anissa\r'),
	(36,36,'Francis Cabrel','Te ressembler\r'),
	(36,37,'Vianney','beau-papa\r'),
	(36,38,'Kygo','What\'s Love Got To Do With It\r'),
	(36,39,'Tones and I','Dance Monkey\r'),
	(36,40,'Dua Lipa','Break My Heart\r'),
	(36,41,'Ily','Stats\r'),
	(36,42,'Calvin Harris','Over Now\r'),
	(36,43,'Be Mine Tonight','Stats\r'),
	(36,44,'Le Coeur Holiday','Stats\r'),
	(36,45,'Gregory Porter','Revival\r'),
	(36,46,'Grand Corps Malade','Mesdames\r'),
	(36,47,'Tom Gregory','Fingertips\r'),
	(36,48,'Dadju','Grand Bain\r'),
	(36,49,'Kanoé','Bizness\r'),
	(36,50,'SAINt JHN','Roses\r'),
	(37,1,'Master KG','Jerusalema\r'),
	(37,2,'Bande Organisée','Stats\r'),
	(37,3,'Jawsh 685','Savage Love (Laxed - Siren Beat)\r'),
	(37,4,'Grand Corps Malade','Mais je t\'aime\r'),
	(37,5,'Julien Doré','La fièvre\r'),
	(37,6,'Indochine','Nos célébrations\r'),
	(37,7,'Head Shoulders Knees & Toes','Stats\r'),
	(37,8,'The Weeknd','In Your Eyes\r'),
	(37,9,'Robin Schulz','Alane\r'),
	(37,10,'Tayc','N\'y pense plus\r'),
	(37,11,'Control','Stats\r'),
	(37,12,'Restons Amis','Stats\r'),
	(37,13,'Grégory Lemarchal','Écris l\'histoire\r'),
	(37,14,'The Weeknd','Blinding Lights\r'),
	(37,15,'Bilal Hassani','Tom\r'),
	(37,16,'Aya Nakamura','Jolie nana\r'),
	(37,17,'Benjamin Biolay','Comment est ta peine ?\r'),
	(37,18,'Keen\'v','Tahiti\r'),
	(37,19,'Black Eyed Peas','Mamacita\r'),
	(37,20,'Wejdene','Coco\r'),
	(37,21,'Louane','Donne-moi ton Cœur\r'),
	(37,22,'Amel Bent','Jusqu\'au bout\r'),
	(37,23,'Camélia Jordana','Facile\r'),
	(37,24,'Ava Max','Kings & Queens\r'),
	(37,25,'Grégory Lemarchal','SOS d\'un terrien en détresse\r'),
	(37,26,'Wap','Stats\r'),
	(37,27,'Grand Corps Malade','Mesdames\r'),
	(37,28,'Breaking Me','Stats\r'),
	(37,29,'Banana','Stats\r'),
	(37,30,'Harry Styles','Watermelon Sugar\r'),
	(37,31,'BTS','Dynamite\r'),
	(37,32,'Julien Doré','Barracuda I\r'),
	(37,33,'Amir','La fête\r'),
	(37,34,'Kygo','What\'s Love Got To Do With It\r'),
	(37,35,'Dua Lipa','Physical\r'),
	(37,36,'Hypnotized','Stats\r'),
	(37,37,'Ily','Stats\r'),
	(37,38,'Tones and I','Dance Monkey\r'),
	(37,39,'Dua Lipa','Break My Heart\r'),
	(37,40,'Wejdene','Anissa\r'),
	(37,41,'Gregory Porter','Revival\r'),
	(37,42,'Billie Eilish','idontwannabeyouanymore\r'),
	(37,43,'Vianney','beau-papa\r'),
	(37,44,'Hatik','Angela\r'),
	(37,45,'Popstar','Stats\r'),
	(37,46,'Kendji Girac','Dernier métro\r'),
	(37,47,'Lady Gaga','Shallow\r'),
	(37,48,'Tom Gregory','Fingertips\r'),
	(37,49,'Dadju','Grand Bain\r'),
	(37,50,'Ava Max','Who\'s Laughing Now\r'),
	(38,1,'Master KG','Jerusalema\r'),
	(38,2,'Mylène Farmer','Coffret\r'),
	(38,3,'Bande Organisée','Stats\r'),
	(38,4,'Grand Corps Malade','Mais je t\'aime\r'),
	(38,5,'Jawsh 685','Savage Love (Laxed - Siren Beat)\r'),
	(38,6,'David Guetta','Let\'s Love\r'),
	(38,7,'Grand Corps Malade','Mesdames\r'),
	(38,8,'Control','Stats\r'),
	(38,9,'Indochine','Nos célébrations\r'),
	(38,10,'Head Shoulders Knees & Toes','Stats\r'),
	(38,11,'The Weeknd','In Your Eyes\r'),
	(38,12,'Julien Doré','La fièvre\r'),
	(38,13,'Naza','Joli Bébé\r'),
	(38,14,'Hypnotized','Stats\r'),
	(38,15,'The Weeknd','Blinding Lights\r'),
	(38,16,'Benjamin Biolay','Comment est ta peine ?\r'),
	(38,17,'Robin Schulz','Alane\r'),
	(38,18,'Wejdene','Coco\r'),
	(38,19,'Louane','Donne-moi ton Cœur\r'),
	(38,20,'Vianney','beau-papa\r'),
	(38,21,'Ava Max','Kings & Queens\r'),
	(38,22,'Amel Bent','Jusqu\'au bout\r'),
	(38,23,'Camélia Jordana','Facile\r'),
	(38,24,'Lucenzo','No me ama\r'),
	(38,25,'Tayc','N\'y pense plus\r'),
	(38,26,'Grand Corps Malade','Derrière Le Brouillard\r'),
	(38,27,'Aya Nakamura','Jolie nana\r'),
	(38,28,'Pendant 24h','Stats\r'),
	(38,29,'Kygo','What\'s Love Got To Do With It\r'),
	(38,30,'Kendji Girac','Dernier métro\r'),
	(38,31,'Wap','Stats\r'),
	(38,32,'BTS','Dynamite\r'),
	(38,33,'Adele','All I Ask\r'),
	(38,34,'Julien Doré','Barracuda II\r'),
	(38,35,'Mood','Stats\r'),
	(38,36,'Blueberry Eyes','Stats\r'),
	(38,37,'Wejdene','Anissa\r'),
	(38,38,'Ray Dalton','In My Bones\r'),
	(38,39,'Hatik','Angela\r'),
	(38,40,'Keen\'v','Tahiti\r'),
	(38,41,'Harry Styles','Watermelon Sugar\r'),
	(38,42,'Ava Max','Who\'s Laughing Now\r'),
	(38,43,'Tom Gregory','Fingertips\r'),
	(38,44,'Michael Kiwanuka','Cold Little Heart\r'),
	(38,45,'Black Eyed Peas','Mamacita\r'),
	(38,46,'Breaking Me','Stats\r'),
	(38,47,'Banana','Stats\r'),
	(38,48,'Asaf Avidan','Lost Horse\r'),
	(38,49,'Oh My Gawd','Stats\r'),
	(38,50,'Dua Lipa','Physical\r'),
	(39,1,'Master KG','Jerusalema\r'),
	(39,2,'Mylène Farmer','L\'âme dans l\'eau\r'),
	(39,3,'Bande Organisée','Stats\r'),
	(39,4,'Grand Corps Malade','Mais je t\'aime\r'),
	(39,5,'Jawsh 685','Savage Love (Laxed - Siren Beat)\r'),
	(39,6,'BTS','Dynamite\r'),
	(39,7,'Control','Stats\r'),
	(39,8,'Mylène Farmer','Coffret\r'),
	(39,9,'Grand Corps Malade','Mesdames\r'),
	(39,10,'Naza','Joli Bébé\r'),
	(39,11,'Head Shoulders Knees & Toes','Stats\r'),
	(39,12,'Indochine','Nos célébrations\r'),
	(39,13,'David Guetta','Let\'s Love\r'),
	(39,14,'Ava Max','Kings & Queens\r'),
	(39,15,'The Weeknd','In Your Eyes\r'),
	(39,16,'The Weeknd','Blinding Lights\r'),
	(39,17,'Julien Doré','La fièvre\r'),
	(39,18,'Hypnotized','Stats\r'),
	(39,19,'Benjamin Biolay','Comment est ta peine ?\r'),
	(39,20,'Kygo','Hot Stuff\r'),
	(39,21,'Justin Bieber','Holy\r'),
	(39,22,'Vianney','beau-papa\r'),
	(39,23,'Amel Bent','Jusqu\'au bout\r'),
	(39,24,'Lucenzo','No me ama\r'),
	(39,25,'Louane','Donne-moi ton Cœur\r'),
	(39,26,'Robin Schulz','Alane\r'),
	(39,27,'Radiohead','Creep\r'),
	(39,28,'Christophe Maé','L\'ours\r'),
	(39,29,'Mood','Stats\r'),
	(39,30,'Kendji Girac','Dernier métro\r'),
	(39,31,'Ava Max','Who\'s Laughing Now\r'),
	(39,32,'Harry Styles','Watermelon Sugar\r'),
	(39,33,'Wejdene','Coco\r'),
	(39,34,'Ben Mazué','Quand je marche\r'),
	(39,35,'Camélia Jordana','Facile\r'),
	(39,36,'Vida Loca','Stats\r'),
	(39,37,'Calogero','Celui d\'en bas\r'),
	(39,38,'Hatik','Angela\r'),
	(39,39,'Keen\'v','Tahiti\r'),
	(39,40,'Dadju','Grand Bain\r'),
	(39,41,'Patrick Fiori','J\'y vais\r'),
	(39,42,'Michael Kiwanuka','Cold Little Heart\r'),
	(39,43,'Tayc','N\'y pense plus\r'),
	(39,44,'Kygo','What\'s Love Got To Do With It\r'),
	(39,45,'Ray Dalton','In My Bones\r'),
	(39,46,'Amir','La fête\r'),
	(39,47,'Tom Gregory','Fingertips\r'),
	(39,48,'Jason Derulo','Take You Dancing\r'),
	(39,49,'Lady Gaga','Shallow\r'),
	(39,50,'Breaking Me','Stats\r'),
	(40,1,'Master KG','Jerusalema\r'),
	(40,2,'Bande Organisée','Stats\r'),
	(40,3,'Naza','Joli Bébé\r'),
	(40,4,'M. Pokora','Si on disait\r'),
	(40,5,'Grand Corps Malade','Mais je t\'aime\r'),
	(40,6,'Mylène Farmer','L\'âme dans l\'eau\r'),
	(40,7,'Control','Stats\r'),
	(40,8,'Indochine','Nos célébrations\r'),
	(40,9,'Asaf Avidan','Lost Horse\r'),
	(40,10,'Jawsh 685','Savage Love (Laxed - Siren Beat)\r'),
	(40,11,'Grand Corps Malade','Mesdames\r'),
	(40,12,'Hypnotized','Stats\r'),
	(40,13,'Julien Doré','La fièvre\r'),
	(40,14,'David Guetta','Let\'s Love\r'),
	(40,15,'Vianney','beau-papa\r'),
	(40,16,'The Weeknd','In Your Eyes\r'),
	(40,17,'The Weeknd','Blinding Lights\r'),
	(40,18,'Radiohead','Creep\r'),
	(40,19,'Head Shoulders Knees & Toes','Stats\r'),
	(40,20,'Amel Bent','Jusqu\'au bout\r'),
	(40,21,'Ava Max','Kings & Queens\r'),
	(40,22,'Benjamin Biolay','Comment est ta peine ?\r'),
	(40,23,'Kygo','Hot Stuff\r'),
	(40,24,'Louane','Donne-moi ton Cœur\r'),
	(40,25,'Kendji Girac','Dernier métro\r'),
	(40,26,'BTS','Dynamite\r'),
	(40,27,'Wejdene','Coco\r'),
	(40,28,'La Meilleure','Stats\r'),
	(40,29,'Kylie Minogue','Magic\r'),
	(40,30,'Harry Styles','Watermelon Sugar\r'),
	(40,31,'Ava Max','Who\'s Laughing Now\r'),
	(40,32,'Dadju','Amour toxic\r'),
	(40,33,'Mood','Stats\r'),
	(40,34,'Pendant 24h','Stats\r'),
	(40,35,'Sam Smith','Diamonds\r'),
	(40,36,'Patrick Fiori','J\'y vais\r'),
	(40,37,'Camélia Jordana','Facile\r'),
	(40,38,'Michael Kiwanuka','Cold Little Heart\r'),
	(40,39,'Tayc','N\'y pense plus\r'),
	(40,40,'Robin Schulz','Alane\r'),
	(40,41,'Kygo','What\'s Love Got To Do With It\r'),
	(40,42,'Lucky Luke','Cooler Than Me\r'),
	(40,43,'Hatik','Angela\r'),
	(40,44,'Vida Loca','Stats\r'),
	(40,45,'Tom Gregory','Fingertips\r'),
	(40,46,'Dadju','Grand Bain\r'),
	(40,47,'Ray Dalton','In My Bones\r'),
	(40,48,'Pa\' Ti','Stats\r'),
	(40,49,'Ça Ira','Stats\r'),
	(40,50,'Wejdene','Anissa\r'),
	(41,1,'Master KG','Jerusalema\r'),
	(41,2,'Jawsh 685','Savage Love (Laxed - Siren Beat)\r'),
	(41,3,'Bande Organisée','Stats\r'),
	(41,4,'Naza','Joli Bébé\r'),
	(41,5,'Control','Stats\r'),
	(41,6,'Grand Corps Malade','Mais je t\'aime\r'),
	(41,7,'Hypnotized','Stats\r'),
	(41,8,'Indochine','Nos célébrations\r'),
	(41,9,'Van Halen','Jump\r'),
	(41,10,'David Guetta','Let\'s Love\r'),
	(41,11,'Patrick Fiori','J\'y vais\r'),
	(41,12,'Billie Eilish','No Time To Die\r'),
	(41,13,'Mylène Farmer','L\'âme dans l\'eau\r'),
	(41,14,'The Weeknd','In Your Eyes\r'),
	(41,15,'The Weeknd','Blinding Lights\r'),
	(41,16,'Head Shoulders Knees & Toes','Stats\r'),
	(41,17,'Vianney','beau-papa\r'),
	(41,18,'Kygo','Hot Stuff\r'),
	(41,19,'Amel Bent','Jusqu\'au bout\r'),
	(41,20,'Julien Doré','La fièvre\r'),
	(41,21,'M. Pokora','Si on disait\r'),
	(41,22,'Grand Corps Malade','Mesdames\r'),
	(41,23,'Jean-Pierre Danel','Speed Limit\r'),
	(41,24,'Blackpink','Lovesick Girls\r'),
	(41,25,'Ça Ira','Stats\r'),
	(41,26,'Kendji Girac','Dernier métro\r'),
	(41,27,'Jean-Pierre Danel','Philippine\'s Smiles\r'),
	(41,28,'Dreams','Stats\r'),
	(41,29,'Benjamin Biolay','Comment est ta peine ?\r'),
	(41,30,'La Meilleure','Stats\r'),
	(41,31,'Asaf Avidan','Lost Horse\r'),
	(41,32,'Josh Groban','You Raise Me Up\r'),
	(41,33,'Louane','Donne-moi ton Cœur\r'),
	(41,34,'Ava Max','Who\'s Laughing Now\r'),
	(41,35,'BTS','Dynamite\r'),
	(41,36,'AC/DC','Shot In The Dark\r'),
	(41,37,'Harry Styles','Watermelon Sugar\r'),
	(41,38,'Ray Dalton','In My Bones\r'),
	(41,39,'Mappemonde','Stats\r'),
	(41,40,'Vida Loca','Stats\r'),
	(41,41,'Jean-Pierre Danel','Blue Nocturne\r'),
	(41,42,'Ava Max','Kings & Queens\r'),
	(41,43,'Camélia Jordana','Facile\r'),
	(41,44,'Tayc','N\'y pense plus\r'),
	(41,45,'London Grammar','Californian Soil\r'),
	(41,46,'Dillon','Thirteen Thirtyfive\r'),
	(41,47,'This Incredible Fortune To Be Two','Stats\r'),
	(41,48,'Robin Schulz','Alane\r'),
	(41,49,'Hatik','Angela\r'),
	(41,50,'Mood','Stats\r'),
	(42,1,'Johnny Hallyday','Deux Sortes D\'Hommes / Nashville Blues (live)\r'),
	(42,2,'Johnny Hallyday','Deux Sortes D\'Hommes / La Terre Promise (live)\r'),
	(42,3,'Johnny Hallyday','Deux Sortes D\'hommes / Tes Tendres Années (live)\r'),
	(42,4,'Master KG','Jerusalema\r'),
	(42,5,'Bande Organisée','Stats\r'),
	(42,6,'Control','Stats\r'),
	(42,7,'Dreams','Stats\r'),
	(42,8,'Patrick Fiori','J\'y vais\r'),
	(42,9,'Naza','Joli Bébé\r'),
	(42,10,'Hypnotized','Stats\r'),
	(42,11,'Kendji Girac','Dernier métro\r'),
	(42,12,'Indochine','Nos célébrations\r'),
	(42,13,'Johnny Hallyday','Deux Sortes D\'Hommes\r'),
	(42,14,'Julien Doré','La fièvre\r'),
	(42,15,'David Guetta','Let\'s Love\r'),
	(42,16,'Je Suis Marseille','Stats\r'),
	(42,17,'Jawsh 685','Savage Love (Laxed - Siren Beat)\r'),
	(42,18,'Grand Corps Malade','Mais je t\'aime\r'),
	(42,19,'Billie Eilish','No Time To Die\r'),
	(42,20,'AC/DC','Shot In The Dark\r'),
	(42,21,'L\'Étoile Sur Le Maillot','Stats\r'),
	(42,22,'Aya Nakamura','Doudou\r'),
	(42,23,'Kygo','Hot Stuff\r'),
	(42,24,'The Weeknd','In Your Eyes\r'),
	(42,25,'Head Shoulders Knees & Toes','Stats\r'),
	(42,26,'Benjamin Biolay','Comment est ta peine ?\r'),
	(42,27,'The Weeknd','Blinding Lights\r'),
	(42,28,'Carla Bruni','quelque chose\r'),
	(42,29,'Vianney','beau-papa\r'),
	(42,30,'Myd','Together We Stand\r'),
	(42,31,'Louane','Donne-moi ton Cœur\r'),
	(42,32,'Amel Bent','Jusqu\'au bout\r'),
	(42,33,'BTS','Dynamite\r'),
	(42,34,'M. Pokora','Si on disait\r'),
	(42,35,'Mylène Farmer','L\'âme dans l\'eau\r'),
	(42,36,'Kylie Minogue','Magic\r'),
	(42,37,'Mood','Stats\r'),
	(42,38,'Dadju','Dieu Merci\r'),
	(42,39,'Kendji Girac','Dans Mes Bras\r'),
	(42,40,'Van Halen','Jump\r'),
	(42,41,'La Meilleure','Stats\r'),
	(42,42,'Trois Cafés Gourmands','On t\'emmène\r'),
	(42,43,'Ava Max','Who\'s Laughing Now\r'),
	(42,44,'Kendji Girac','Habibi\r'),
	(42,45,'Vida Loca','Stats\r'),
	(42,46,'Lucky Luke','Cooler Than Me\r'),
	(42,47,'Harry Styles','Watermelon Sugar\r'),
	(42,48,'Wejdene','Coco\r'),
	(42,49,'Ava Max','Kings & Queens\r'),
	(42,50,'C\'est Maintenant','Stats\r'),
	(43,1,'Master KG','Jerusalema\r'),
	(43,2,'U2','One\r'),
	(43,3,'Control','Stats\r'),
	(43,4,'Bande Organisée','Stats\r'),
	(43,5,'Johnny Hallyday','Deux Sortes D\'hommes / Tes Tendres Années (live)\r'),
	(43,6,'Johnny Hallyday','Deux Sortes D\'Hommes / Nashville Blues (live)\r'),
	(43,7,'Naza','Joli Bébé\r'),
	(43,8,'Johnny Hallyday','Deux Sortes D\'Hommes / La Terre Promise (live)\r'),
	(43,9,'Hypnotized','Stats\r'),
	(43,10,'David Guetta','Let\'s Love\r'),
	(43,11,'BTS','Dynamite\r'),
	(43,12,'Grand Corps Malade','Mais je t\'aime\r'),
	(43,13,'Vianney','beau-papa\r'),
	(43,14,'Indochine','Nos célébrations\r'),
	(43,15,'Dreams','Stats\r'),
	(43,16,'Julien Doré','La fièvre\r'),
	(43,17,'Kendji Girac','Dernier métro\r'),
	(43,18,'Head Shoulders Knees & Toes','Stats\r'),
	(43,19,'Jawsh 685','Savage Love (Laxed - Siren Beat)\r'),
	(43,20,'Je Suis Marseille','Stats\r'),
	(43,21,'The Weeknd','In Your Eyes\r'),
	(43,22,'Amel Bent','Jusqu\'au bout\r'),
	(43,23,'Benjamin Biolay','Comment est ta peine ?\r'),
	(43,24,'Under The Sky','Stats\r'),
	(43,25,'Green Montana','Tout Gacher\r'),
	(43,26,'Kygo','Hot Stuff\r'),
	(43,27,'Francis Cabrel','Te ressembler\r'),
	(43,28,'The Weeknd','Blinding Lights\r'),
	(43,29,'Scarlet Pleasure','What A Life\r'),
	(43,30,'Patrick Fiori','J\'y vais\r'),
	(43,31,'Justin Bieber','Lonely\r'),
	(43,32,'Mood','Stats\r'),
	(43,33,'Trois Cafés Gourmands','On t\'emmène\r'),
	(43,34,'Ava Max','Who\'s Laughing Now\r'),
	(43,35,'M. Pokora','S\'en aller\r'),
	(43,36,'La Meilleure','Stats\r'),
	(43,37,'BTS','Boy In Luv\r'),
	(43,38,'Sia','Courage to Change\r'),
	(43,39,'Christophe Maé','L\'ours\r'),
	(43,40,'Louane','Donne-moi ton Cœur\r'),
	(43,41,'Ray Dalton','In My Bones\r'),
	(43,42,'Amir','La fête\r'),
	(43,43,'M. Pokora','Si on disait\r'),
	(43,44,'Lucky Luke','Cooler Than Me\r'),
	(43,45,'Aya Nakamura','Doudou\r'),
	(43,46,'Harry Styles','Watermelon Sugar\r'),
	(43,47,'Tones and I','Dance Monkey\r'),
	(43,48,'Vida Loca','Stats\r'),
	(43,49,'Calentita','Stats\r'),
	(43,50,'Billie Eilish','No Time To Die\r'),
	(44,1,'Master KG','Jerusalema\r'),
	(44,2,'U2','One\r'),
	(44,3,'Control','Stats\r'),
	(44,4,'Louane','Donne-moi ton Cœur\r'),
	(44,5,'Johnny Hallyday','Deux Sortes D\'Hommes / La Terre Promise (live)\r'),
	(44,6,'Johnny Hallyday','Deux Sortes D\'Hommes / Nashville Blues (live)\r'),
	(44,7,'Johnny Hallyday','Deux Sortes D\'hommes / Tes Tendres Années (live)\r'),
	(44,8,'Bande Organisée','Stats\r'),
	(44,9,'Ariana Grande','positions\r'),
	(44,10,'Vianney','beau-papa\r'),
	(44,11,'Naza','Joli Bébé\r'),
	(44,12,'David Guetta','Let\'s Love\r'),
	(44,13,'BTS','Dynamite\r'),
	(44,14,'Hypnotized','Stats\r'),
	(44,15,'Dreams','Stats\r'),
	(44,16,'Indochine','Nos célébrations\r'),
	(44,17,'Grand Corps Malade','Mais je t\'aime\r'),
	(44,18,'Depeche Mode','Songs Of Faith And Devotion - The 12\r'),
	(44,19,'Julien Doré','Nous\r'),
	(44,20,'Kendji Girac','Dernier métro\r'),
	(44,21,'Scarlet Pleasure','What A Life\r'),
	(44,22,'Kygo','Hot Stuff\r'),
	(44,23,'Head Shoulders Knees & Toes','Stats\r'),
	(44,24,'Amel Bent','Jusqu\'au bout\r'),
	(44,25,'Je Suis Marseille','Stats\r'),
	(44,26,'Julien Doré','La fièvre\r'),
	(44,27,'The Weeknd','Blinding Lights\r'),
	(44,28,'Jawsh 685','Savage Love (Laxed - Siren Beat)\r'),
	(44,29,'Bruce Springsteen','One Minute You\'re Here\r'),
	(44,30,'La Meilleure','Stats\r'),
	(44,31,'The Weeknd','In Your Eyes\r'),
	(44,32,'Ava Max','Who\'s Laughing Now\r'),
	(44,33,'Dua Lipa','Levitating\r'),
	(44,34,'Mood','Stats\r'),
	(44,35,'Ray Dalton','In My Bones\r'),
	(44,36,'Christophe Maé','L\'ours\r'),
	(44,37,'Benjamin Biolay','Comment est ta peine ?\r'),
	(44,38,'Harry Styles','Watermelon Sugar\r'),
	(44,39,'Shy\'m','BOY\r'),
	(44,40,'Quoi Qu\'il Arrive','Stats\r'),
	(44,41,'Trois Cafés Gourmands','On t\'emmène\r'),
	(44,42,'Aya Nakamura','Doudou\r'),
	(44,43,'Bobby Vinton','Mr. Lonely\r'),
	(44,44,'Pride','Stats\r'),
	(44,45,'Francis Cabrel','Te ressembler\r'),
	(44,46,'Little Mix','Sweet Melody\r'),
	(44,47,'Patrick Fiori','J\'y vais\r'),
	(44,48,'Jason Derulo','Take You Dancing\r'),
	(44,49,'KT Tunstall','Suddenly I See\r'),
	(44,50,'M. Pokora','Si on disait\r'),
	(45,1,'Master KG','Jerusalema\r'),
	(45,2,'Control','Stats\r'),
	(45,3,'Dua Lipa','Fever (avec Angèle)\r'),
	(45,4,'Vianney','beau-papa\r'),
	(45,5,'Patrick Fiori','J\'y vais\r'),
	(45,6,'David Guetta','Let\'s Love\r'),
	(45,7,'Naza','Joli Bébé\r'),
	(45,8,'Bande Organisée','Stats\r'),
	(45,9,'U2','One\r'),
	(45,10,'BTS','Dynamite\r'),
	(45,11,'Louane','Donne-moi ton Cœur\r'),
	(45,12,'Hypnotized','Stats\r'),
	(45,13,'Amel Bent','1,2,3 (avec Hatik)\r'),
	(45,14,'Grand Corps Malade','Mais je t\'aime\r'),
	(45,15,'Julien Doré','Nous\r'),
	(45,16,'La Meilleure','Stats\r'),
	(45,17,'Kendji Girac','Dernier métro\r'),
	(45,18,'Kygo','Hot Stuff\r'),
	(45,19,'Dreams','Stats\r'),
	(45,20,'Depeche Mode','Songs Of Faith And Devotion - The 12\r'),
	(45,21,'Dadju','Va dire à ton ex\r'),
	(45,22,'Alain Bashung','Immortels\r'),
	(45,23,'Dua Lipa','Levitating\r'),
	(45,24,'Midnight Oil','The Makarrata Project\r'),
	(45,25,'Francis Cabrel','Te ressembler\r'),
	(45,26,'The Weeknd','In Your Eyes\r'),
	(45,27,'Ava Max','Who\'s Laughing Now\r'),
	(45,28,'Indochine','Nos célébrations\r'),
	(45,29,'Julien Doré','La fièvre\r'),
	(45,30,'Amel Bent','Jusqu\'au bout\r'),
	(45,31,'The Weeknd','Blinding Lights\r'),
	(45,32,'Christophe Maé','L\'ours\r'),
	(45,33,'Benjamin Biolay','Comment est ta peine ?\r'),
	(45,34,'Head Shoulders Knees & Toes','Stats\r'),
	(45,35,'Ariana Grande','positions\r'),
	(45,36,'Dadju','Elle Me Demande\r'),
	(45,37,'Mood','Stats\r'),
	(45,38,'Kylie Minogue','Magic\r'),
	(45,39,'Aya Nakamura','Doudou\r'),
	(45,40,'Vianney','N\'attendons pas\r'),
	(45,41,'Ray Dalton','In My Bones\r'),
	(45,42,'Trois Cafés Gourmands','On t\'emmène\r'),
	(45,43,'Jawsh 685','Savage Love (Laxed - Siren Beat)\r'),
	(45,44,'Jean-Louis Murat','Baby Love D.c.\r'),
	(45,45,'Bobby Vinton','Mr. Lonely\r'),
	(45,46,'Dadju','Amour toxic\r'),
	(45,47,'Bruce Springsteen','One Minute You\'re Here\r'),
	(45,48,'Dadju','Dieu Merci\r'),
	(45,49,'Abba','Super Trouper\r'),
	(45,50,'Harry Styles','Watermelon Sugar\r'),
	(46,1,'Master KG','Jerusalema\r'),
	(46,2,'Dua Lipa','Fever (avec Angèle)\r'),
	(46,3,'Booba','5G\r'),
	(46,4,'Vianney','beau-papa\r'),
	(46,5,'Gims','Jusqu\'ici Tout Va Bien\r'),
	(46,6,'Control','Stats\r'),
	(46,7,'BTS','Dynamite\r'),
	(46,8,'Mylène Farmer','L\'âme dans l\'eau\r'),
	(46,9,'David Guetta','Let\'s Love\r'),
	(46,10,'Bande Organisée','Stats\r'),
	(46,11,'Kendji Girac','Dernier métro\r'),
	(46,12,'Julien Doré','Nous\r'),
	(46,13,'Hypnotized','Stats\r'),
	(46,14,'System Of A Down','Protect The Land\r'),
	(46,15,'Patrick Fiori','J\'y vais\r'),
	(46,16,'Grand Corps Malade','Mais je t\'aime\r'),
	(46,17,'Mood','Stats\r'),
	(46,18,'Kygo','Hot Stuff\r'),
	(46,19,'Naza','Joli Bébé\r'),
	(46,20,'La Meilleure','Stats\r'),
	(46,21,'Dreams','Stats\r'),
	(46,22,'Benjamin Biolay','Comment est ta peine ?\r'),
	(46,23,'Louane','Donne-moi ton Cœur\r'),
	(46,24,'Kylie Minogue','Magic\r'),
	(46,25,'Julien Doré','La fièvre\r'),
	(46,26,'The Weeknd','In Your Eyes\r'),
	(46,27,'System Of A Down','Genocidal Humanoidz\r'),
	(46,28,'Ray Dalton','In My Bones\r'),
	(46,29,'Amel Bent','1,2,3 (avec Hatik)\r'),
	(46,30,'Head Shoulders Knees & Toes','Stats\r'),
	(46,31,'Gaël Faye','Respire\r'),
	(46,32,'The Weeknd','Blinding Lights\r'),
	(46,33,'Indochine','Nos célébrations\r'),
	(46,34,'London Grammar','Californian Soil\r'),
	(46,35,'Ava Max','Who\'s Laughing Now\r'),
	(46,36,'Amel Bent','Jusqu\'au bout\r'),
	(46,37,'Trois Cafés Gourmands','On t\'emmène\r'),
	(46,38,'Harry Styles','Watermelon Sugar\r'),
	(46,39,'Mariah Carey','All I Want For Christmas Is You\r'),
	(46,40,'Christophe Maé','L\'ours\r'),
	(46,41,'Maluma','Hawái\r'),
	(46,42,'a-ha','Take On Me\r'),
	(46,43,'Ça Ira','Stats\r'),
	(46,44,'Dua Lipa','Levitating\r'),
	(46,45,'Jawsh 685','Savage Love (Laxed - Siren Beat)\r'),
	(46,46,'Vida Loca','Stats\r'),
	(46,47,'Dadju','Va dire à ton ex\r'),
	(46,48,'Vianney','N\'attendons pas\r'),
	(46,49,'U2','One\r'),
	(46,50,'Hervé','Si Bien Du Mal\r'),
	(47,1,'Master KG','Jerusalema\r'),
	(47,2,'Dua Lipa','Fever (avec Angèle)\r'),
	(47,3,'Vianney','beau-papa\r'),
	(47,4,'Control','Stats\r'),
	(47,5,'Gims','Jusqu\'ici Tout Va Bien\r'),
	(47,6,'Billie Eilish','Therefore I Am\r'),
	(47,7,'David Guetta','Let\'s Love\r'),
	(47,8,'Hypnotized','Stats\r'),
	(47,9,'Bande Organisée','Stats\r'),
	(47,10,'Julien Doré','Nous\r'),
	(47,11,'Naza','Joli Bébé\r'),
	(47,12,'Grand Corps Malade','Mais je t\'aime\r'),
	(47,13,'Kendji Girac','Dernier métro\r'),
	(47,14,'Mood','Stats\r'),
	(47,15,'BTS','Dynamite\r'),
	(47,16,'Benjamin Biolay','Comment est ta peine ?\r'),
	(47,17,'Aya Nakamura','Plus Jamais\r'),
	(47,18,'La Meilleure','Stats\r'),
	(47,19,'Patrick Fiori','J\'y vais\r'),
	(47,20,'Kygo','Hot Stuff\r'),
	(47,21,'AC/DC','Realize\r'),
	(47,22,'Aya Nakamura','Doudou\r'),
	(47,23,'Ray Dalton','In My Bones\r'),
	(47,24,'Mariah Carey','All I Want For Christmas Is You\r'),
	(47,25,'Kylie Minogue','Magic\r'),
	(47,26,'Dreams','Stats\r'),
	(47,27,'Mylène Farmer','L\'âme dans l\'eau\r'),
	(47,28,'Ava Max','Who\'s Laughing Now\r'),
	(47,29,'The Weeknd','Blinding Lights\r'),
	(47,30,'Louane','Donne-moi ton Cœur\r'),
	(47,31,'AC/DC','Shot In The Dark\r'),
	(47,32,'Naza','Faut Pardonner\r'),
	(47,33,'Indochine','Nos célébrations\r'),
	(47,34,'The Weeknd','In Your Eyes\r'),
	(47,35,'Amel Bent','Jusqu\'au bout\r'),
	(47,36,'Head Shoulders Knees & Toes','Stats\r'),
	(47,37,'London Grammar','Californian Soil\r'),
	(47,38,'Grand Corps Malade','Mesdames\r'),
	(47,39,'Julien Doré','La fièvre\r'),
	(47,40,'Aya Nakamura','Préféré\r'),
	(47,41,'Vida Loca','Stats\r'),
	(47,42,'Dua Lipa','Levitating\r'),
	(47,43,'Tones and I','Dance Monkey\r'),
	(47,44,'Harry Styles','Watermelon Sugar\r'),
	(47,45,'Trois Cafés Gourmands','On t\'emmène\r'),
	(47,46,'Hervé','Si Bien Du Mal\r'),
	(47,47,'Dadju','Dieu Merci\r'),
	(47,48,'AC/DC','Highway To Hell\r'),
	(47,49,'Jawsh 685','Savage Love (Laxed - Siren Beat)\r'),
	(47,50,'Lucenzo','No me ama\r'),
	(48,1,'BTS','Life Goes On\r'),
	(48,2,'Master KG','Jerusalema\r'),
	(48,3,'Dua Lipa','Fever (avec Angèle)\r'),
	(48,4,'Vianney','beau-papa\r'),
	(48,5,'Julien Doré','Nous\r'),
	(48,6,'Control','Stats\r'),
	(48,7,'BTS','Dynamite\r'),
	(48,8,'Hypnotized','Stats\r'),
	(48,9,'David Guetta','Let\'s Love\r'),
	(48,10,'Bande Organisée','Stats\r'),
	(48,11,'BTS','Blue & Grey\r'),
	(48,12,'Miley Cyrus','Prisoner\r'),
	(48,13,'Gims','Jusqu\'ici Tout Va Bien\r'),
	(48,14,'Manu Chao','La Vida Tombola\r'),
	(48,15,'Billie Eilish','Therefore I Am\r'),
	(48,16,'Mariah Carey','All I Want For Christmas Is You\r'),
	(48,17,'Bird Of Prey Et La Fantabuleuse Histoire De Harley Quinn','Stats\r'),
	(48,18,'Naza','Joli Bébé\r'),
	(48,19,'Shawn Mendes','Monster\r'),
	(48,20,'BTS','Fly To My Room\r'),
	(48,21,'Indochine','3SEX\r'),
	(48,22,'Julien Doré','La fièvre\r'),
	(48,23,'BTS','Dis-ease\r'),
	(48,24,'BTS','Telepathy\r'),
	(48,25,'Ray Dalton','In My Bones\r'),
	(48,26,'BTS','Stay\r'),
	(48,27,'Kendji Girac','Dernier métro\r'),
	(48,28,'Grand Corps Malade','Mais je t\'aime\r'),
	(48,29,'Mood','Stats\r'),
	(48,30,'The Weeknd','Blinding Lights\r'),
	(48,31,'Patrick Fiori','J\'y vais\r'),
	(48,32,'Kygo','Hot Stuff\r'),
	(48,33,'Ava Max','Who\'s Laughing Now\r'),
	(48,34,'Kylie Minogue','Magic\r'),
	(48,35,'The Weeknd','In Your Eyes\r'),
	(48,36,'Hervé','Si Bien Du Mal\r'),
	(48,37,'Benjamin Biolay','Comment est ta peine ?\r'),
	(48,38,'BTS','Skit\r'),
	(48,39,'La Meilleure','Stats\r'),
	(48,40,'Benjamin Biolay','Parc Fermé\r'),
	(48,41,'Dreams','Stats\r'),
	(48,42,'Claudio Capéo','E penso a te\r'),
	(48,43,'Indochine','Nos célébrations\r'),
	(48,44,'Aya Nakamura','Plus Jamais\r'),
	(48,45,'Jawsh 685','Savage Love (Laxed - Siren Beat)\r'),
	(48,46,'Aya Nakamura','Doudou\r'),
	(48,47,'Louane','Donne-moi ton Cœur\r'),
	(48,48,'Kavinsky','Nightcall\r'),
	(48,49,'Ava Max','My Head & My Heart\r'),
	(48,50,'Jean-Pierre Danel','Guitar Safari\r'),
	(49,1,'Master KG','Jerusalema\r'),
	(49,2,'Dua Lipa','Fever (avec Angèle)\r'),
	(49,3,'Indochine','3SEX\r'),
	(49,4,'Vianney','beau-papa\r'),
	(49,5,'Mariah Carey','All I Want For Christmas Is You\r'),
	(49,6,'Julien Doré','Nous\r'),
	(49,7,'Control','Stats\r'),
	(49,8,'Hypnotized','Stats\r'),
	(49,9,'Richard Cocciante','Il Mio Rifugio\r'),
	(49,10,'David Guetta','Let\'s Love\r'),
	(49,11,'Gims','Jusqu\'ici Tout Va Bien\r'),
	(49,12,'Kygo','Hot Stuff\r'),
	(49,13,'Manu Chao','La Vida Tombola\r'),
	(49,14,'Bande Organisée','Stats\r'),
	(49,15,'BTS','Dynamite\r'),
	(49,16,'Billie Eilish','Therefore I Am\r'),
	(49,17,'BTS','Life Goes On\r'),
	(49,18,'Patrick Fiori','J\'y vais\r'),
	(49,19,'Indochine','Nos célébrations\r'),
	(49,20,'Britney Spears','Swimming In The Stars\r'),
	(49,21,'Mood','Stats\r'),
	(49,22,'Julien Doré','La fièvre\r'),
	(49,23,'The Weeknd','In Your Eyes\r'),
	(49,24,'Naza','Joli Bébé\r'),
	(49,25,'Kendji Girac','Dernier métro\r'),
	(49,26,'Rodrigo','La Mano De Dios\r'),
	(49,27,'Grand Corps Malade','Mais je t\'aime\r'),
	(49,28,'Last Christmas','Stats\r'),
	(49,29,'The Weeknd','Blinding Lights\r'),
	(49,30,'Kylie Minogue','Magic\r'),
	(49,31,'Ben Mazué','Quand je marche\r'),
	(49,32,'Anne Sylvestre','Les Gens Qui Doutent\r'),
	(49,33,'Claudio Capéo','E penso a te\r'),
	(49,34,'Bird Of Prey Et La Fantabuleuse Histoire De Harley Quinn','Stats\r'),
	(49,35,'Billie Eilish','No Time To Die\r'),
	(49,36,'Miley Cyrus','Prisoner\r'),
	(49,37,'1917','Stats\r'),
	(49,38,'Louane','Donne-moi ton Cœur\r'),
	(49,39,'Johnny Hallyday','Deux Sortes D\'hommes / Tes Tendres Années (live)\r'),
	(49,40,'Ray Dalton','In My Bones\r'),
	(49,41,'Grand Corps Malade','Mesdames\r'),
	(49,42,'Kaleo','Way Down We Go\r'),
	(49,43,'Benjamin Biolay','Comment est ta peine ?\r'),
	(49,44,'Claudio Capéo','Ti amo\r'),
	(49,45,'La Meilleure','Stats\r'),
	(49,46,'Vald','Gotaga\r'),
	(49,47,'Dua Lipa','Levitating\r'),
	(49,48,'Tones and I','Dance Monkey\r'),
	(49,49,'Fally Ipupa','Likolo\r'),
	(49,50,'Johnny Hallyday','Deux Sortes D\'Hommes / La Terre Promise (live)\r'),
	(50,1,'Mylène Farmer','L\'âme dans l\'eau\r'),
	(50,2,'Dua Lipa','Fever (avec Angèle)\r'),
	(50,3,'Total Recall * 4k Ultra Hd + Blu-ray','Stats\r'),
	(50,4,'Mariah Carey','All I Want For Christmas Is You\r'),
	(50,5,'Gims','Jusqu\'ici Tout Va Bien\r'),
	(50,6,'Master KG','Jerusalema\r'),
	(50,7,'Noir Désir','Imbécile\r'),
	(50,8,'Vianney','beau-papa\r'),
	(50,9,'Julien Doré','Nous\r'),
	(50,10,'David Guetta','Let\'s Love\r'),
	(50,11,'Grand Corps Malade','Mais je t\'aime\r'),
	(50,12,'Indochine','3SEX\r'),
	(50,13,'The Weeknd','Blinding Lights\r'),
	(50,14,'1917','Stats\r'),
	(50,15,'Control','Stats\r'),
	(50,16,'Grand Corps Malade','Mesdames\r'),
	(50,17,'Hypnotized','Stats\r'),
	(50,18,'Kendji Girac','Dernier métro\r'),
	(50,19,'Indochine','Nos célébrations\r'),
	(50,20,'Eva','Coeur Noir\r'),
	(50,21,'Dua Lipa','Levitating\r'),
	(50,22,'Terrenoire','Jusqu\'À Mon Dernier Souffle\r'),
	(50,23,'JSX','Pompeii\r'),
	(50,24,'Larusso','Tous Les Cris Les S.O.S\r'),
	(50,25,'Bande Organisée','Stats\r'),
	(50,26,'Coffret James Bond / Daniel Craig','Stats\r'),
	(50,27,'Julien Doré','La fièvre\r'),
	(50,28,'Amel Bent','Jusqu\'au bout\r'),
	(50,29,'Coldplay','Christmas Lights (vinyle Bleu)\r'),
	(50,30,'BTS','Dynamite\r'),
	(50,31,'M. Pokora','Si on disait\r'),
	(50,32,'Dua Lipa','Physical\r'),
	(50,33,'Benjamin Biolay','Comment est ta peine ?\r'),
	(50,34,'Kygo','Hot Stuff\r'),
	(50,35,'David Guetta','Dreams\r'),
	(50,36,'Patrick Fiori','J\'y vais\r'),
	(50,37,'Mariah Carey','Oh Santa!\r'),
	(50,38,'Louane','Donne-moi ton Cœur\r'),
	(50,39,'Britney Spears','Swimming In The Stars\r'),
	(50,40,'Last Christmas','Stats\r'),
	(50,41,'Calogero','Celui d\'en bas\r'),
	(50,42,'Sia','Courage to Change\r'),
	(50,43,'The Weeknd','In Your Eyes\r'),
	(50,44,'Vitaa','Avant toi\r'),
	(50,45,'Kylie Minogue','Magic\r'),
	(50,46,'Divers','Kubrick - 3 Films - 4k\r'),
	(50,47,'Black Eyed Peas','Girl Like Me\r'),
	(50,48,'Mood','Stats\r'),
	(50,49,'Johnny Hallyday','Deux Sortes D\'Hommes / La Terre Promise (live)\r'),
	(50,50,'Camille Lellouche','Je remercie mon ex\r'),
	(51,1,'Johnny Hallyday','Le cour en deux\r'),
	(51,2,'Mariah Carey','All I Want For Christmas Is You\r'),
	(51,3,'Dua Lipa','Fever (avec Angèle)\r'),
	(51,4,'Master KG','Jerusalema\r'),
	(51,5,'Grand Corps Malade','Pas essentiel\r'),
	(51,6,'Julien Doré','Nous\r'),
	(51,7,'Vianney','beau-papa\r'),
	(51,8,'Indochine','3SEX\r'),
	(51,9,'Benjamin Biolay','Grand prix\r'),
	(51,10,'Gims','Jusqu\'ici Tout Va Bien\r'),
	(51,11,'Kendji Girac','Dernier métro\r'),
	(51,12,'Grand Corps Malade','Mais je t\'aime\r'),
	(51,13,'Indochine','Nos célébrations\r'),
	(51,14,'David Guetta','Let\'s Love\r'),
	(51,15,'Grand Corps Malade','Mesdames\r'),
	(51,16,'Mother Fuck','Stats\r'),
	(51,17,'Kimberose','Back On My Feet\r'),
	(51,18,'The Weeknd','Blinding Lights\r'),
	(51,19,'Benjamin Biolay','Comment est ta peine ?\r'),
	(51,20,'Total Recall * 4k Ultra Hd + Blu-ray','Stats\r'),
	(51,21,'Hypnotized','Stats\r'),
	(51,22,'Taylor Swift','willow\r'),
	(51,23,'Woodkid','Horizons Into Battlegrounds\r'),
	(51,24,'Julien Doré','La fièvre\r'),
	(51,25,'Amir','La fête\r'),
	(51,26,'Patrick Fiori','J\'y vais\r'),
	(51,27,'Terrenoire','Jusqu\'À Mon Dernier Souffle\r'),
	(51,28,'BTS','Dynamite\r'),
	(51,29,'Lous and The Yakuza','Dilemme\r'),
	(51,30,'Last Christmas','Stats\r'),
	(51,31,'Control','Stats\r'),
	(51,32,'Dua Lipa','Levitating\r'),
	(51,33,'Bande Organisée','Stats\r'),
	(51,34,'Benjamin Biolay','Rue Saint-Louis en l’Île\r'),
	(51,35,'Julien Clerc','Mon refuge\r'),
	(51,36,'Benjamin Biolay','Ton héritage\r'),
	(51,37,'1917','Stats\r'),
	(51,38,'Indochine','L\'aventurier\r'),
	(51,39,'Kylie Minogue','Magic\r'),
	(51,40,'Britney Spears','Matches\r'),
	(51,41,'Sia','Courage to Change\r'),
	(51,42,'Calogero','Celui d\'en bas\r'),
	(51,43,'Johnny Hallyday','Deux Sortes D\'hommes / Tes Tendres Années (live)\r'),
	(51,44,'Black Eyed Peas','Girl Like Me\r'),
	(51,45,'Indochine','J\'ai demandé à la lune\r'),
	(51,46,'The Weeknd','In Your Eyes\r'),
	(51,47,'Johnny Hallyday','Deux Sortes D\'Hommes / Nashville Blues (live)\r'),
	(51,48,'Ca','Stats\r'),
	(51,49,'Mylène Farmer','L\'âme dans l\'eau\r'),
	(51,50,'Mood','Stats\r');

/*!40000 ALTER TABLE `song_rank_week` ENABLE KEYS */;
UNLOCK TABLES;



/*!40111 SET SQL_NOTES=@OLD_SQL_NOTES */;
/*!40101 SET SQL_MODE=@OLD_SQL_MODE */;
/*!40014 SET FOREIGN_KEY_CHECKS=@OLD_FOREIGN_KEY_CHECKS */;
/*!40101 SET CHARACTER_SET_CLIENT=@OLD_CHARACTER_SET_CLIENT */;
/*!40101 SET CHARACTER_SET_RESULTS=@OLD_CHARACTER_SET_RESULTS */;
/*!40101 SET COLLATION_CONNECTION=@OLD_COLLATION_CONNECTION */;
